date_time,seedling_ID,photo_ID,sample
7/7/22,3619,2022_0707_142424_002,1
7/7/22,3621,2022_0707_143032_004,1
7/7/22,4063,2022_0707_143553_006,1
7/7/22,3327,2022_0707_144018_008,1
7/7/22,4311,2022_0707_144246_010,1
7/7/22,4367,2022_0707_144602_012,1
7/7/22,3614,2022_0707_145001_014,1
7/7/22,4410,2022_0707_145244_016,1
7/7/22,3261,2022_0707_145504_018,1
7/11/22,3856,2022_0711_105630_002,1
7/11/22,4013,2022_0711_110117_004,1
7/11/22,3640,2022_0711_110432_006,1
7/11/22,3599,2022_0711_110653_008,1
7/11/22,3849,2022_0711_110958_010,1
7/11/22,3817,2022_0711_111222_012,1
7/11/22,4378,2022_0711_111434_014,1
7/11/22,4089,2022_0711_111713_016,1
7/11/22,3825,2022_0711_112011_018,1
7/11/22,3338,2022_0711_112226_020,1
7/11/22,3752,2022_0711_112518_022,1
7/11/22,3739,2022_0711_112727_024,1
7/11/22,3151,2022_0711_113030_026,1
7/11/22,3191,2022_0711_113742_028,1
7/11/22,3785,2022_0711_114109_030,1
7/11/22,3777,2022_0711_114350_032,1
7/11/22,3280,2022_0711_114548_034,1
7/11/22,4400,2022_0711_114753_036,1
7/11/22,3799,2022_0711_115736_038,1
7/11/22,3679,2022_0711_120025_040,1
7/11/22,3600,2022_0711_120436_042,1
7/11/22,3046,2022_0711_120647_044,1
7/11/22,4061,2022_0711_121033_046,1
7/11/22,3483,2022_0711_121213_048,1
7/11/22,3118,2022_0711_121449_050,1
7/11/22,3136,2022_0711_121729_052,1
7/11/22,3000,2022_0711_122012_054,1
7/11/22,4014,2022_0711_122254_056,1
7/11/22,4029,2022_0711_122451_058,1
7/11/22,4056,2022_0711_122648_060,1
7/11/22,4159,2022_0711_123005_062,1
7/11/22,3114,2022_0711_123317_064,1
7/11/22,3837,2022_0711_123458_066,1
7/11/22,3587,2022_0711_123754_068,1
7/11/22,3383,2022_0711_124000_070,1
7/11/22,4407,2022_0711_124200_072,1
7/11/22,3335,2022_0711_124359_074,1
7/11/22,3905,2022_0711_124548_076,1
7/11/22,3135,2022_0711_124816_078,1
7/11/22,3132,2022_0711_125012_080,1
7/11/22,4280,2022_0711_130319_082,1
7/11/22,4079,2022_0711_134812_002,1
7/11/22,3272,2022_0711_135059_004,1
7/11/22,4293,2022_0711_135248_006,1
7/11/22,4195,2022_0711_135617_008,1
7/11/22,3008,2022_0711_135847_010,1
7/11/22,3532,2022_0711_140116_012,1
7/11/22,4228,2022_0711_140244_014,1
7/11/22,4255,2022_0711_140551_016,1
7/11/22,3584,2022_0711_140753_018,1
7/11/22,3250,2022_0711_141349_020,1
7/11/22,3438,2022_0711_141512_022,1
7/11/22,3254,2022_0711_141717_024,1
7/11/22,4253,2022_0711_141906_026,1
7/11/22,4399,2022_0711_142204_028,1
7/11/22,4227,2022_0711_142357_030,1
7/11/22,4133,2022_0711_142615_032,1
7/11/22,3850,2022_0711_142851_034,1
7/11/22,3626,2022_0711_143137_036,1
7/11/22,3629,2022_0711_143642_038,1
7/12/22,3269,2022_0712_112416_002,1
7/12/22,3270,2022_0712_112610_004,1
7/12/22,3251,2022_0712_112826_006,1
7/12/22,3872,2022_0712_113012_008,1
7/12/22,3007,2022_0712_113240_010,1
7/12/22,4139,2022_0712_113404_012,1
7/12/22,4004,2022_0712_113719_014,1
7/12/22,4157,2022_0712_113911_016,1
7/12/22,4140,2022_0712_114124_018,1
7/12/22,3589,2022_0712_114412_020,1
7/12/22,3880,2022_0712_114637_022,1
7/12/22,4127,2022_0712_115049_024,1
7/12/22,4019,2022_0712_115427_026,1
7/12/22,4330,2022_0712_115641_028,1
7/12/22,3613,2022_0712_115940_030,1
7/12/22,3558,2022_0712_120136_032,1
7/12/22,3597,2022_0712_120503_034,1
7/12/22,4386,2022_0712_120743_036,1
7/12/22,4415,2022_0712_121011_038,1
7/12/22,4328,2022_0712_121145_040,1
7/12/22,3055,2022_0712_121436_042,1
7/12/22,3076,2022_0712_121837_044,1
7/12/22,3051,2022_0712_122117_046,1
7/12/22,3486,2022_0712_122323_048,1
7/12/22,3264,2022_0712_122534_050,1
7/12/22,4262,2022_0712_122740_052,1
7/12/22,3331,2022_0712_122940_054,1
7/12/22,3334,2022_0712_123127_056,1
7/12/22,3890,2022_0712_123305_058,1
7/12/22,4315,2022_0712_123436_060,1
7/12/22,3188,2022_0712_123725_062,1
7/12/22,4034,2022_0712_124028_064,1
7/12/22,3789,2022_0712_124245_066,1
7/12/22,3779,2022_0712_124456_068,1
7/12/22,4033,2022_0712_124737_070,1
7/12/22,4025,2022_0712_125003_072,1
7/12/22,4230,2022_0712_125206_074,1
7/12/22,3701,2022_0712_125548_076,1
7/12/22,4320,2022_0712_125822_078,1
7/12/22,4162,2022_0712_130042_080,1
7/12/22,3276,2022_0712_130322_082,1
7/12/22,4324,2022_0712_130530_084,1
7/12/22,3570,2022_0712_130959_086,1
7/12/22,3562,2022_0712_131323_088,1
7/12/22,4429,2022_0712_131639_090,1
7/12/22,3615,2022_0712_131956_092,1
7/12/22,4170,2022_0712_132251_094,1
7/12/22,3704,2022_0712_132527_096,1
7/12/22,3955,2022_0712_132748_098,1
7/12/22,4028,2022_0712_132936_100,1
7/12/22,3601,2022_0712_133259_102,1
7/12/22,3141,2022_0712_133447_106,1
7/12/22,3767,2022_0712_144940_002,1
7/12/22,3577,2022_0712_145148_004,1
7/12/22,3804,2022_0712_145325_006,1
7/12/22,4401,2022_0712_145457_008,1
7/12/22,3005,2022_0712_145634_010,1
7/12/22,3002,2022_0712_145820_012,1
7/12/22,3128,2022_0712_150046_014,1
7/12/22,4297,2022_0712_150232_016,1
7/12/22,3274,2022_0712_150434_018,1
7/12/22,3259,2022_0712_150607_020,1
7/12/22,3986,2022_0712_150917_022,1
7/12/22,4417,2022_0712_151052_024,1
7/12/22,3140,2022_0712_151301_026,1
7/12/22,3620,2022_0712_151507_028,1
7/12/22,3026,2022_0712_151714_030,1
7/12/22,3654,2022_0712_151911_032,1
7/12/22,3033,2022_0712_152107_034,1
7/12/22,4155,2022_0712_152246_036,1
7/13/22,3623,2022_0713_103922_002,1
7/13/22,3746,2022_0713_104127_004,1
7/13/22,3549,2022_0713_104357_006,1
7/13/22,4221,2022_0713_104542_008,1
7/13/22,4316,2022_0713_104723_010,1
7/13/22,3885,2022_0713_104917_012,1
7/13/22,3542,2022_0713_105116_014,1
7/13/22,3844,2022_0713_105253_016,1
7/13/22,3839,2022_0713_105437_018,1
7/13/22,3838,2022_0713_105634_020,1
7/13/22,3775,2022_0713_105850_022,1
7/13/22,4333,2022_0713_110047_024,1
7/13/22,4218,2022_0713_110242_026,1
7/13/22,3723,2022_0713_110439_028,1
7/13/22,3095,2022_0713_110716_030,1
7/13/22,4135,2022_0713_110927_032,1
7/13/22,3489,2022_0713_111144_034,1
7/13/22,3511,2022_0713_111337_036,1
7/13/22,3999,2022_0713_111611_038,1
7/13/22,3860,2022_0713_111803_040,1
7/13/22,4435,2022_0713_112008_042,1
7/13/22,3364,2022_0713_112153_044,1
7/13/22,3611,2022_0713_112418_046,1
7/13/22,3077,2022_0713_112604_048,1
7/13/22,3553,2022_0713_112823_050,1
7/13/22,4312,2022_0713_113013_052,1
7/13/22,3995,2022_0713_113213_054,1
7/13/22,4007,2022_0713_113458_056,1
7/13/22,3392,2022_0713_113619_058,1
7/13/22,3400,2022_0713_113752_060,1
7/13/22,3325,2022_0713_113934_062,1
7/13/22,3333,2022_0713_114052_064,1
7/13/22,3243,2022_0713_114238_066,1
7/13/22,3242,2022_0713_114350_068,1
7/13/22,4187,2022_0713_114657_070,1
7/13/22,4213,2022_0713_114903_072,1
7/13/22,4183,2022_0713_115149_074,1
7/13/22,3959,2022_0713_115328_076,1
7/13/22,4368,2022_0713_115451_078,1
7/13/22,4384,2022_0713_115645_080,1
7/13/22,4260,2022_0713_130422_082,1
7/13/22,3494,2022_0713_130554_084,1
7/13/22,3958,2022_0713_130801_086,1
7/13/22,3915,2022_0713_130934_088,1
7/13/22,4388,2022_0713_131116_090,1
7/13/22,4392,2022_0713_131239_092,1
7/13/22,3853,2022_0713_131438_094,1
7/13/22,4055,2022_0713_131648_096,1
7/13/22,3576,2022_0713_131828_098,1
7/13/22,4329,2022_0713_132012_100,1
7/13/22,3042,2022_0713_132303_102,1
7/13/22,4017,2022_0713_132515_104,1
7/13/22,3348,2022_0713_132645_106,1
7/13/22,3359,2022_0713_132749_108,1
7/13/22,3531,2022_0713_133002_110,1
7/13/22,4146,2022_0713_133139_112,1
7/13/22,3813,2022_0713_133343_114,1
7/13/22,3356,2022_0713_133513_116,1
7/13/22,3495,2022_0713_133742_118,1
7/13/22,4319,2022_0713_133943_120,1
7/13/22,3593,2022_0713_134231_122,1
7/13/22,3006,2022_0713_134430_124,1
7/13/22,4008,2022_0713_134655_126,1
7/13/22,3992,2022_0713_134911_128,1
7/13/22,3684,2022_0713_135129_130,1
7/13/22,4088,2022_0713_135412_132,1
7/13/22,3574,2022_0713_135659_134,1
7/13/22,3183,2022_0713_135848_136,1
7/13/22,4322,2022_0713_140019_138,1
7/13/22,4408,2022_0713_140204_140,1
7/13/22,3109,2022_0713_140449_142,1
7/13/22,4096,2022_0713_140617_144,1
7/13/22,3181,2022_0713_140829_146,1
7/13/22,3550,2022_0713_141011_148,1
7/13/22,3386,2022_0713_141211_150,1
7/13/22,3268,2022_0713_141337_152,1
7/13/22,3107,2022_0713_141627_154,1
7/13/22,4041,2022_0713_141952_156,1
7/13/22,3273,2022_0713_142203_158,1
7/13/22,3776,2022_0713_142348_160,1
7/13/22,3016,2022_0713_142600_162,1
7/13/22,3130,2022_0713_142744_164,1
7/13/22,3606,2022_0713_143126_166,1
7/13/22,3609,2022_0713_143421_168,1
7/13/22,3569,2022_0713_143726_170,1
7/13/22,3932,2022_0713_143915_172,1
7/13/22,4291,2022_0713_144125_174,1
7/13/22,4290,2022_0713_144257_176,1
7/13/22,3970,2022_0713_144505_178,1
7/13/22,3913,2022_0713_144636_180,1
7/13/22,4317,2022_0713_144835_182,1
7/13/22,3638,2022_0713_145013_184,1
7/13/22,3390,2022_0713_145136_186,1
7/13/22,4281,2022_0713_145303_188,1
7/13/22,3112,2022_0713_145429_190,1
7/13/22,3993,2022_0713_145603_192,1
7/13/22,3381,2022_0713_145754_194,1
7/13/22,3883,2022_0713_145917_196,1
7/13/22,4422,2022_0713_150041_198,1
7/13/22,3172,2022_0713_150223_200,1
7/14/22,3119,2022_0714_115542_002,1
7/14/22,3108,2022_0714_115743_004,1
7/14/22,3237,2022_0714_115952_006,1
7/14/22,4124,2022_0714_120215_008,1
7/14/22,4163,2022_0714_120650_010,1
7/14/22,3937,2022_0714_120949_012,1
7/14/22,3493,2022_0714_121219_014,1
7/14/22,3741,2022_0714_121401_016,1
7/14/22,3522,2022_0714_121745_018,1
7/14/22,4402,2022_0714_121959_020,1
7/14/22,4120,2022_0714_122257_022,1
7/14/22,4042,2022_0714_122454_024,1
7/14/22,4273,2022_0714_122716_026,1
7/14/22,3423,2022_0714_122858_028,1
7/14/22,3120,2022_0714_123106_030,1
7/14/22,3664,2022_0714_123236_032,1
7/14/22,4060,2022_0714_123553_034,1
7/14/22,3124,2022_0714_123755_036,1
7/14/22,4035,2022_0714_123950_038,1
7/14/22,4321,2022_0714_124209_040,1
7/14/22,3724,2022_0714_124347_042,1
7/14/22,3742,2022_0714_124535_044,1
7/14/22,4082,2022_0714_124813_046,1
7/14/22,3769,2022_0714_125017_048,1
7/14/22,3440,2022_0714_125214_050,1
7/14/22,3854,2022_0714_125348_052,1
7/14/22,3583,2022_0714_125635_054,1
7/14/22,4343,2022_0714_125954_056,1
7/14/22,4081,2022_0714_130202_058,1
7/14/22,3543,2022_0714_130402_060,1
7/14/22,3337,2022_0714_130537_062,1
7/14/22,4289,2022_0714_130714_064,1
7/14/22,3517,2022_0714_130949_066,1
7/14/22,4323,2022_0714_131137_068,1
7/14/22,3524,2022_0714_131339_070,1
7/14/22,4018,2022_0714_131619_072,1
7/14/22,3566,2022_0714_131843_074,1
7/14/22,4404,2022_0714_132031_076,1
7/14/22,3521,2022_0714_132228_078,1
7/14/22,4258,2022_0714_132401_080,1
7/14/22,3821,2022_0714_132520_082,1
7/14/22,4109,2022_0714_132652_084,1
7/14/22,4085,2022_0714_132907_086,1
7/14/22,3139,2022_0714_133058_088,1
7/14/22,3518,2022_0714_133255_090,1
7/14/22,3113,2022_0714_133435_092,1
7/14/22,4027,2022_0714_133715_094,1
7/14/22,3580,2022_0714_133848_096,1
7/14/22,4344,2022_0714_134041_098,1
7/14/22,3265,2022_0714_134216_100,1
7/14/22,4370,2022_0714_134359_102,1
7/14/22,4067,2022_0714_134544_104,1
7/14/22,3271,2022_0714_134721_106,1
7/14/22,4268,2022_0714_134907_108,1
7/14/22,4136,2022_0714_135145_110,1
7/14/22,3755,2022_0714_135336_112,1
7/14/22,3987,2022_0714_141611_114,1
7/14/22,3056,2022_0714_141823_116,1
7/14/22,3893,2022_0714_142027_118,1
7/14/22,3556,2022_0714_142221_120,1
7/14/22,3859,2022_0714_142425_122,1
7/14/22,4046,2022_0714_142600_124,1
7/14/22,3096,2022_0714_142826_126,1
7/14/22,3573,2022_0714_143013_128,1
7/14/22,3339,2022_0714_143203_130,1
7/14/22,3898,2022_0714_143328_132,1
7/14/22,3795,2022_0714_143527_134,1
7/14/22,4274,2022_0714_143713_136,1
7/14/22,4237,2022_0714_143852_138,1
7/14/22,4175,2022_0714_144100_140,1
7/14/22,3612,2022_0714_144316_142,1
7/14/22,3827,2022_0714_144445_144,1
7/14/22,3764,2022_0714_144636_146,1
7/14/22,3382,2022_0714_144825_148,1
7/14/22,3643,2022_0714_145002_150,1
7/14/22,3646,2022_0714_145159_152,1
7/14/22,3708,2022_0714_145529_154,1
7/14/22,3709,2022_0714_145727_156,1
7/14/22,3771,2022_0714_145900_158,1
7/14/22,3697,2022_0714_150057_160,1
7/14/22,3900,2022_0714_150241_162,1
7/14/22,3434,2022_0714_150408_164,1
7/14/22,3873,2022_0714_150552_166,1
7/14/22,3475,2022_0714_150726_168,1
7/14/22,3645,2022_0714_150924_170,1
7/14/22,3186,2022_0714_151057_172,1
7/14/22,4251,2022_0714_151352_174,1
7/14/22,3241,2022_0714_151516_176,1
7/14/22,4265,2022_0714_151700_178,1
7/14/22,3650,2022_0714_151842_180,1
7/14/22,4424,2022_0714_152025_182,1
7/14/22,3998,2022_0714_153309_002,1
7/14/22,3581,2022_0714_153458_004,1
7/14/22,4015,2022_0714_153634_006,1
7/14/22,3045,2022_0714_153810_008,1
7/14/22,3044,2022_0714_153947_010,1
7/15/22,3933,2022_0715_112750_002,1
7/15/22,3245,2022_0715_112941_004,1
7/15/22,4243,2022_0715_113103_006,1
7/15/22,3836,2022_0715_113228_008,1
7/15/22,4021,2022_0715_113405_010,1
7/15/22,3590,2022_0715_113555_012,1
7/15/22,4000,2022_0715_113812_014,1
7/15/22,3559,2022_0715_113952_016,1
7/15/22,3773,2022_0715_114136_018,1
7/15/22,3473,2022_0715_114252_020,1
7/15/22,4426,2022_0715_114444_022,1
7/15/22,3665,2022_0715_114656_024,1
7/15/22,3653,2022_0715_114850_026,1
7/15/22,4098,2022_0715_115039_028,1
7/15/22,3695,2022_0715_115910_030,1
7/15/22,3714,2022_0715_120055_032,1
7/15/22,3967,2022_0715_120339_034,1
7/15/22,3693,2022_0715_120540_036,1
7/15/22,3899,2022_0715_120744_038,1
7/15/22,3736,2022_0715_120919_040,1
7/15/22,3551,2022_0715_121304_042,1
7/15/22,3052,2022_0715_121459_044,1
7/15/22,3728,2022_0715_121640_046,1
7/15/22,4279,2022_0715_121815_048,1
7/15/22,4285,2022_0715_121955_050,1
7/15/22,3284,2022_0715_122114_052,1
7/15/22,3772,2022_0715_122238_054,1
7/15/22,3982,2022_0715_122501_056,1
7/15/22,3734,2022_0715_122723_058,1
7/15/22,4335,2022_0715_122856_060,1
7/15/22,4160,2022_0715_123131_062,1
7/15/22,3973,2022_0715_123350_064,1
7/15/22,3824,2022_0715_123535_066,1
7/15/22,4134,2022_0715_123828_068,1
7/15/22,3547,2022_0715_124027_070,1
7/15/22,4038,2022_0715_124252_072,1
7/18/22,4254,2022_0718_111943_002,1
7/18/22,3725,2022_0718_112132_004,1
7/18/22,4412,2022_0718_112327_006,1
7/18/22,3426,2022_0718_112450_008,1
7/18/22,4405,2022_0718_112710_010,1
7/18/22,4318,2022_0718_112855_012,1
7/18/22,3630,2022_0718_113103_014,1
7/18/22,3810,2022_0718_113337_016,1
7/18/22,4278,2022_0718_113531_018,1
7/18/22,3798,2022_0718_113700_020,1
7/18/22,3834,2022_0718_114034_022,1
7/18/22,4397,2022_0718_114210_024,1
7/18/22,4047,2022_0718_114445_026,1
7/18/22,4419,2022_0718_114608_028,1
7/18/22,4043,2022_0718_114823_030,1
7/18/22,4394,2022_0718_115010_032,1
7/18/22,4024,2022_0718_115311_034,1
7/18/22,3544,2022_0718_115508_036,1
7/18/22,3842,2022_0718_115654_038,1
7/18/22,3568,2022_0718_115922_040,1
7/18/22,4334,2022_0718_120143_042,1
7/18/22,3680,2022_0718_120323_044,1
7/18/22,4396,2022_0718_120500_046,1
7/18/22,3377,2022_0718_120623_048,1
7/18/22,3916,2022_0718_120810_050,1
7/18/22,4238,2022_0718_121002_052,1
7/18/22,3498,2022_0718_121211_054,1
7/18/22,3835,2022_0718_121350_056,1
7/18/22,3058,2022_0718_121621_058,1
7/18/22,4148,2022_0718_121818_060,1
7/18/22,4380,2022_0718_121954_062,1
7/18/22,4105,2022_0718_122129_064,1
7/18/22,3808,2022_0718_122321_066,1
7/18/22,4222,2022_0718_130609_002,1
7/18/22,3513,2022_0718_130821_004,1
7/18/22,3812,2022_0718_130948_006,1
7/18/22,3862,2022_0718_131136_008,1
7/18/22,3415,2022_0718_131249_010,1
7/18/22,3011,2022_0718_131444_012,1
7/18/22,3027,2022_0718_131741_016,1
7/18/22,3539,2022_0718_131927_018,1
7/18/22,3918,2022_0718_132039_020,1
7/18/22,3855,2022_0718_132239_022,1
7/18/22,4001,2022_0718_132616_024,1
7/18/22,3536,2022_0718_132844_026,1
7/18/22,4036,2022_0718_133044_028,1
7/18/22,4092,2022_0718_133245_030,1
7/18/22,4257,2022_0718_133423_032,1
7/18/22,3943,2022_0718_133653_034,1
7/18/22,4192,2022_0718_133930_036,1
7/18/22,4269,2022_0718_134115_038,1
7/18/22,3985,2022_0718_134342_040,1
7/18/22,4151,2022_0718_134607_042,1
7/18/22,4147,2022_0718_134903_044,1
7/18/22,3519,2022_0718_135224_046,1
7/18/22,4095,2022_0718_135609_050,1
7/18/22,4205,2022_0718_135757_052,1
7/18/22,3828,2022_0718_135936_054,1
7/18/22,4233,2022_0718_141429_056,1
7/18/22,3244,2022_0718_141613_058,1
7/18/22,3481,2022_0718_141808_060,1
7/18/22,3038,2022_0718_142021_062,1
7/18/22,3126,2022_0718_142255_064,1
7/18/22,3111,2022_0718_142447_066,1
7/18/22,4100,2022_0718_142638_068,1
7/18/22,3732,2022_0718_142838_070,1
7/18/22,3894,2022_0718_143012_072,1
7/18/22,4123,2022_0718_143147_074,1
7/18/22,4308,2022_0718_143401_076,1
7/18/22,4011,2022_0718_143605_078,1
7/18/22,3980,2022_0718_143807_080,1
7/18/22,3013,2022_0718_143929_082,1
7/18/22,3705,2022_0718_144225_084,1
7/18/22,3806,2022_0718_144433_086,1
7/19/22,3778,2022_0719_112803_002,1
7/19/22,4002,2022_0719_113005_004,1
7/19/22,3508,2022_0719_113139_006,1
7/19/22,4276,2022_0719_113317_008,1
7/19/22,3087,2022_0719_113545_010,1
7/19/22,3594,2022_0719_113741_012,1
7/19/22,3787,2022_0719_113912_014,1
7/19/22,3700,2022_0719_114101_016,1
7/19/22,3378,2022_0719_114235_018,1
7/19/22,3897,2022_0719_114409_020,1
7/19/22,3127,2022_0719_114540_022,1
7/19/22,3129,2022_0719_114715_024,1
7/19/22,4185,2022_0719_115217_026,1
7/19/22,3946,2022_0719_115345_028,1
7/19/22,4282,2022_0719_115544_030,1
7/19/22,4132,2022_0719_115738_032,1
7/19/22,3506,2022_0719_120217_034,1
7/19/22,4099,2022_0719_120406_036,1
7/19/22,4283,2022_0719_120541_038,1
7/19/22,3266,2022_0719_120657_040,1
7/19/22,4413,2022_0719_120846_042,1
7/19/22,3530,2022_0719_121046_044,1
7/19/22,4284,2022_0719_121219_046,1
7/19/22,3603,2022_0719_121424_048,1
7/19/22,3504,2022_0719_121629_050,1
7/19/22,4005,2022_0719_121901_052,1
7/19/22,3197,2022_0719_122310_054,1
7/19/22,4044,2022_0719_122532_056,1
7/19/22,3252,2022_0719_122708_058,1
7/19/22,3738,2022_0719_122823_060,1
7/19/22,3535,2022_0719_123133_062,1
7/19/22,3167,2022_0719_123357_064,1
7/19/22,3533,2022_0719_123548_066,1
7/19/22,3994,2022_0719_123822_068,1
7/19/22,3035,2022_0719_124108_070,1
7/19/22,3718,2022_0719_124247_072,1
7/19/22,4390,2022_0719_124433_074,1
7/19/22,3805,2022_0719_124551_076,1
7/19/22,4031,2022_0719_124755_078,1
7/19/22,4071,2022_0719_125003_080,1
7/19/22,3509,2022_0719_125205_082,1
7/19/22,3125,2022_0719_125341_084,1
7/19/22,3616,2022_0719_125520_086,1
7/19/22,3840,2022_0719_125707_088,1
7/19/22,3783,2022_0719_125945_090,1
7/19/22,4309,2022_0719_130114_092,1
7/19/22,3554,2022_0719_130328_094,1
7/19/22,3018,2022_0719_130446_096,1
7/19/22,4144,2022_0719_130646_098,1
7/19/22,3861,2022_0719_130757_100,1
7/19/22,3662,2022_0719_131010_102,1
7/19/22,3655,2022_0719_131218_104,1
7/19/22,3833,2022_0719_131354_106,1
7/19/22,3278,2022_0719_131510_108,1
7/19/22,4332,2022_0719_131648_110,1
7/19/22,4066,2022_0719_131838_112,1
7/19/22,3414,2022_0719_132027_114,1
7/19/22,4336,2022_0719_132148_116,1
7/20/22,3398,2022_0720_152401_002,1
7/20/22,3412,2022_0720_152654_004,1
7/20/22,4097,2022_0720_152933_006,1
7/20/22,3529,2022_0720_153304_008,1
7/20/22,3117,2022_0720_153558_010,1
7/20/22,3102,2022_0720_153737_012,1
7/20/22,3826,2022_0720_153916_014,1
7/20/22,3557,2022_0720_154106_016,1
7/20/22,4345,2022_0720_154416_018,1
7/20/22,3957,2022_0720_154532_020,1
7/20/22,3845,2022_0720_154835_022,1
7/20/22,3484,2022_0720_154953_024,1
7/20/22,4403,2022_0720_155111_026,1
7/20/22,3591,2022_0720_155221_028,1
7/20/22,3379,2022_0720_155337_030,1
7/20/22,3358,2022_0720_155513_032,1
7/20/22,4075,2022_0720_155649_034,1
7/20/22,4069,2022_0720_155807_036,1
7/20/22,4083,2022_0720_160012_038,1
7/20/22,3110,2022_0720_160221_040,1
7/20/22,3482,2022_0720_160433_042,1
7/20/22,4158,2022_0720_160610_044,1
7/20/22,4152,2022_0720_160809_046,1
7/20/22,3563,2022_0720_160943_048,1
7/20/22,3605,2022_0720_161122_050,1
7/20/22,4037,2022_0720_161321_052,1
7/20/22,3552,2022_0720_161510_054,1
7/20/22,4070,2022_0720_161716_056,1
7/20/22,3936,2022_0720_161833_058,1
7/20/22,3964,2022_0720_162006_060,1
7/20/22,3505,2022_0720_162329_062,1
7/20/22,3496,2022_0720_162513_064,1
7/20/22,4305,2022_0720_162629_066,1
7/20/22,4310,2022_0720_162810_068,1
7/20/22,3965,2022_0720_163029_070,1
7/20/22,3774,2022_0720_163221_072,1
7/20/22,3012,2022_0720_163344_074,1
7/20/22,4165,2022_0720_163524_076,1
7/20/22,3545,2022_0720_163650_078,1
7/20/22,3184,2022_0720_163810_080,1
7/20/22,4246,2022_0720_164008_082,1
7/20/22,3711,2022_0720_164217_084,1
7/20/22,4266,2022_0720_164431_086,1
7/20/22,4398,2022_0720_164616_088,1
7/21/22,3696,2022_0721_122348_002,1
7/21/22,3963,2022_0721_122645_004,1
7/21/22,3876,2022_0721_122916_006,1
7/21/22,3586,2022_0721_123221_008,1
7/21/22,4286,2022_0721_123417_010,1
7/21/22,3997,2022_0721_123617_012,1
7/21/22,4361,2022_0721_123816_014,1
7/21/22,3847,2022_0721_123954_016,1
7/21/22,4261,2022_0721_124128_018,1
7/21/22,3954,2022_0721_124248_020,1
7/21/22,3387,2022_0721_125916_022,1
7/21/22,4307,2022_0721_130034_024,1
7/21/22,3696,2022_0721_130201_026,1
7/21/22,3683,2022_0721_130349_028,1
7/21/22,4117,2022_0721_130949_030,1
7/21/22,3843,2022_0721_131104_032,1
7/21/22,3921,2022_0721_131258_034,1
7/21/22,3972,2022_0721_131712_036,1
7/21/22,3760,2022_0721_131859_038,1
7/21/22,4026,2022_0721_132107_040,1
7/21/22,3240,2022_0721_132321_042,1
7/21/22,3067,2022_0721_132533_044,1
7/21/22,4149,2022_0721_132742_046,1
7/21/22,4030,2022_0721_133147_048,1
7/21/22,3275,2022_0721_133332_050,1
7/21/22,3801,2022_0721_133503_052,1
7/21/22,3938,2022_0721_133646_054,1
7/21/22,3896,2022_0721_133820_056,1
7/21/22,3782,2022_0721_134008_058,1
7/21/22,3628,2022_0721_134142_060,1
7/21/22,4371,2022_0721_134329_062,1
7/21/22,3744,2022_0721_134456_064,1
7/21/22,4235,2022_0721_134643_066,1
7/21/22,4054,2022_0721_134824_068,1
7/21/22,3567,2022_0721_134952_070,1
7/21/22,3917,2022_0721_135102_072,1
7/21/22,3349,2022_0721_135236_074,1
7/21/22,3891,2022_0721_135353_076,1
7/21/22,3974,2022_0721_135545_078,1
7/21/22,3001,2022_0721_135737_080,1
7/25/22,4212,2022_0725_131030_002,1
7/25/22,4145,2022_0725_131236_004,1
7/25/22,3189,2022_0725_131407_006,1
7/25/22,3565,2022_0725_131557_008,1
7/25/22,3745,2022_0725_131732_010,1
7/25/22,3756,2022_0725_131852_012,1
7/25/22,3901,2022_0725_132030_014,1
7/25/22,4277,2022_0725_132154_016,1
7/25/22,4326,2022_0725_132348_018,1
7/25/22,4032,2022_0725_132549_020,1
7/25/22,4391,2022_0725_132740_022,1
7/25/22,4341,2022_0725_132918_024,1
7/25/22,3369,2022_0725_133102_026,1
7/25/22 13:48,3740,2022_0725_133238_028,1
7/25/22 13:48,3858,2022_0725_133515_030,1
7/25/22,3832,2022_0725_133649_032,1
7/25/22,3043,2022_0725_133920_034,1
7/25/22,3688,2022_0725_134107_036,1
7/25/22,3737,2022_0725_134257_038,1
7/25/22,4122,2022_0725_134445_040,1
7/25/22,4241,2022_0725_134634_042,1
7/25/22,4362,2022_0725_134801_044,1
7/25/22,3617,2022_0725_134944_046,1
7/25/22,3592,2022_0725_135132_048,1
7/25/22,4327,2022_0725_140444_050,1
7/25/22,3255,2022_0725_140603_052,1
7/25/22,3953,2022_0725_140826_054,1
7/25/22,4369,2022_0725_140940_056,1
7/25/22,3279,2022_0725_141104_058,1
7/25/22,3281,2022_0725_141233_060,1
7/25/22,4240,2022_0725_141427_062,1
7/25/22,3722,2022_0725_141611_064,1
7/25/22,3582,2022_0725_141747_066,1
7/25/22,4416,2022_0725_141925_068,1
7/25/22,4020,2022_0725_142108_070,1
7/25/22,3158,2022_0725_142232_072,1
7/25/22,4167,2022_0725_142417_074,1
7/25/22,4196,2022_0725_142522_076,1
7/25/22,3766,2022_0725_142637_078,1
7/25/22,3731,2022_0725_142808_080,1
7/25/22,3735,2022_0725_143022_082,1
7/25/22,3748,2022_0725_143135_084,1
7/25/22,4271,2022_0725_143305_086,1
7/25/22,3757,2022_0725_143420_088,1
7/25/22,4091,2022_0725_143604_090,1
7/25/22,3488,2022_0725_143727_092,1
7/25/22,3425,2022_0725_143833_094,1
7/25/22,3852,2022_0725_143952_096,1
7/25/22,4010,2022_0725_144129_098,1
7/25/22,3622,2022_0725_144317_100,1
7/25/22,3525,2022_0725_144456_102,1
7/25/22,3048,2022_0725_144614_104,1
7/25/22,3541,2022_0725_144739_106,1
7/25/22,3879,2022_0725_144850_108,1
7/25/22,3781,2022_0725_145026_110,1
7/25/22,4325,2022_0725_145138_112,1
7/25/22,3361,2022_0725_145252_114,1
7/25/22,4436,2022_0725_145405_116,1
7/25/22,3323,2022_0725_145527_118,1
7/25/22,4373,2022_0725_145634_120,1
7/25/22,4249,2022_0725_145843_122,1
7/25/22,3497,2022_0725_150014_124,1
7/25/22,3474,2022_0725_150128_126,1
7/25/22,3433,2022_0725_150236_128,1
7/25/22,4256,2022_0725_150356_130,1
7/25/22,3991,2022_0725_150610_132,1
7/25/22,3502,2022_0725_150755_134,1
7/25/22,3780,2022_0725_150910_136,1
7/25/22,4086,2022_0725_151033_138,1
7/25/22,4209,2022_0725_151144_140,1
7/25/22,3385,2022_0725_151430_142,1
7/25/22,3793,2022_0725_151641_144,1
7/25/22,4353,2022_0725_151758_146,1
7/25/22,4387,2022_0725_151903_148,1
7/25/22,4242,2022_0725_152022_150,1
7/25/22,3803,2022_0725_152127_152,1
7/25/22,4062,2022_0725_152328_154,1
7/25/22,3148,2022_0725_152503_156,1
7/25/22,3751,2022_0725_152635_158,1
7/25/22,3258,2022_0725_152751_160,1
9/19/22,3327,2022_0919_113541_002,2
9/19/22,4311,2022_0919_113731_004,2
9/19/22,3619,2022_0919_113933_006,2
9/19/22,3621,2022_0919_114133_008,2
9/19/22,4063,2022_0919_114310_010,2
9/19/22,4379,2022_0919_114428_012,2
9/19/22,4367,2022_0919_114643_014,2
9/19/22,3614,2022_0919_114859_016,2
9/19/22,4410,2022_0919_115054_018,2
9/19/22,3261,2022_0919_115300_020,2
9/19/22,3856,2022_0919_115459_022,2
9/19/22,4013,2022_0919_115707_024,2
9/19/22,3640,2022_0919_115928_026,2
9/19/22,3599,2022_0919_120104_028,2
9/19/22,3849,2022_0919_120312_030,2
9/19/22,3817,2022_0919_120801_032,2
9/19/22,4378,2022_0919_120940_034,2
9/19/22,4089,2022_0919_121134_036,2
9/19/22,3825,2022_0919_121325_038,2
9/19/22,3338,2022_0919_121522_040,2
9/19/22,3752,2022_0919_121724_042,2
9/19/22,3739,2022_0919_121902_044,2
9/19/22,3151,2022_0919_122055_046,2
9/19/22,3191,2022_0919_122254_048,2
9/19/22,3785,2022_0919_122457_050,2
9/19/22,3777,2022_0919_122631_052,2
9/19/22,3260,2022_0919_122815_054,2
9/19/22,4400,2022_0919_122940_056,2
9/19/22,3799,2022_0919_123124_058,2
9/19/22,3679,2022_0919_123325_060,2
9/19/22,3600,2022_0919_123607_062,2
9/19/22,3046,2022_0919_123737_064,2
9/19/22,4061,2022_0919_123928_066,2
9/19/22,3483,2022_0919_124106_068,2
9/19/22,3118,2022_0919_124301_070,2
9/19/22,3136,2022_0919_124437_072,2
9/19/22,3000,2022_0919_124648_074,2
9/19/22,4014,2022_0919_124851_076,2
9/19/22,4029,2022_0919_125019_078,2
9/19/22,4056,2022_0919_125146_080,2
9/19/22,4159,2022_0919_125344_082,2
9/19/22,3114,2022_0919_125828_084,2
9/19/22,3837,2022_0919_125954_086,2
9/19/22,3587,2022_0919_130123_088,2
9/19/22,3383,2022_0919_133657_002,2
9/19/22,4407,2022_0919_133839_004,2
9/19/22,3335,2022_0919_134001_006,2
9/19/22,3905,2022_0919_134113_008,2
9/19/22,3135,2022_0919_134330_010,2
9/19/22,3132,2022_0919_134507_012,2
9/19/22,4280,2022_0919_134717_014,2
9/19/22,4079,2022_0919_134842_016,2
9/19/22,3272,2022_0919_135011_018,2
9/19/22,4293,2022_0919_135131_020,2
9/19/22,4195,2022_0919_135403_022,2
9/19/22,3008,2022_0919_135547_024,2
9/19/22,3532,2022_0919_135716_026,2
9/19/22,4228,2022_0919_135923_028,2
9/19/22,4255,2022_0919_140058_030,2
9/19/22,3584,2022_0919_140320_032,2
9/19/22,3250,2022_0919_140529_034,2
9/19/22,3438,2022_0919_140651_036,2
9/19/22,3254,2022_0919_140812_038,2
9/19/22,4253,2022_0919_140948_040,2
9/19/22,4399,2022_0919_141200_042,2
9/19/22,4227,2022_0919_141332_044,2
9/19/22,4133,2022_0919_141502_046,2
9/19/22,3850,2022_0919_141618_048,2
9/19/22,3626,2022_0919_141837_050,2
9/19/22,3629,2022_0919_142004_052,2
9/19/22,3623,2022_0919_142213_054,2
9/19/22,3746,2022_0919_142343_056,2
9/19/22,3549,2022_0919_142536_058,2
9/19/22,4221,2022_0919_142722_060,2
9/19/22,4316,2022_0919_142856_062,2
9/19/22,3885,2022_0919_143029_064,2
9/19/22,3542,2022_0919_143211_066,2
9/19/22,3844,2022_0919_143331_068,2
9/19/22,3839,2022_0919_143500_070,2
9/19/22,3838,2022_0919_143622_072,2
9/19/22,3775,2022_0919_143804_074,2
9/19/22,4333,2022_0919_143930_076,2
9/19/22,4218,2022_0919_144103_078,2
9/19/22,3723,2022_0919_144252_080,2
9/19/22,3095,2022_0919_144417_082,2
9/19/22,4135,2022_0919_144552_084,2
9/19/22,3489,2022_0919_144835_086,2
9/19/22,3511,2022_0919_145035_088,2
9/19/22,3999,2022_0919_145221_090,2
9/19/22,3860,2022_0919_145330_092,2
9/20/22,4435,2022_0920_144655_002,2
9/20/22,3364,2022_0920_144854_004,2
9/20/22,3077,2022_0920_145006_006,2
9/20/22,3611,2022_0920_145152_008,2
9/20/22,3553,2022_0920_145329_010,2
9/20/22,4312,2022_0920_145501_012,2
9/20/22,3995,2022_0920_145731_014,2
9/20/22,4007,2022_0920_145900_016,2
9/20/22,3392,2022_0920_150024_018,2
9/20/22,3400,2022_0920_150149_020,2
9/20/22,3325,2022_0920_150345_022,2
9/20/22,3333,2022_0920_150505_024,2
9/20/22,3243,2022_0920_150616_026,2
9/20/22,3242,2022_0920_150731_028,2
9/20/22,4187,2022_0920_150859_030,2
9/20/22,4213,2022_0920_151026_032,2
9/20/22,4183,2022_0920_151238_034,2
9/20/22,3959,2022_0920_151418_036,2
9/20/22,4368,2022_0920_151554_038,2
9/20/22,4384,2022_0920_151718_040,2
9/20/22,4260,2022_0920_151901_042,2
9/20/22,3494,2022_0920_152025_044,2
9/20/22,3958,2022_0920_152140_046,2
9/20/22,3915,2022_0920_152345_048,2
9/20/22,4388,2022_0920_152442_050,2
9/20/22,4392,2022_0920_152548_052,2
9/20/22,3853,2022_0920_152724_054,2
9/20/22,4055,2022_0920_153141_056,2
9/20/22,3576,2022_0920_153328_058,2
9/20/22,4329,2022_0920_153459_060,2
9/20/22,3042,2022_0920_153658_062,2
9/20/22,4017,2022_0920_153832_064,2
9/20/22,3348,2022_0920_153949_066,2
9/20/22,3359,2022_0920_154102_068,2
9/20/22,3531,2022_0920_154231_070,2
9/20/22,4146,2022_0920_154354_072,2
9/20/22,3813,2022_0920_154529_074,2
9/20/22,3495,2022_0920_154736_076,2
9/20/22,4319,2022_0920_154844_078,2
9/20/22,3593,2022_0920_155208_080,2
9/20/22,3006,2022_0920_155538_082,2
9/20/22,4008,2022_0920_155718_084,2
9/20/22,3992,2022_0920_155833_086,2
9/20/22,3684,2022_0920_160016_088,2
9/20/22,4088,2022_0920_160204_090,2
9/20/22,3594,2022_0920_160352_092,2
9/20/22,3183,2022_0920_160534_094,2
9/20/22,4322,2022_0920_160736_096,2
9/20/22,4408,2022_0920_160911_098,2
9/20/22,3109,2022_0920_161120_100,2
9/20/22,4096,2022_0920_161315_102,2
9/20/22,3181,2022_0920_161514_104,2
9/20/22,3550,2022_0920_161641_106,2
9/20/22,3386,2022_0920_161808_108,2
9/20/22,3268,2022_0920_161932_110,2
9/20/22,3107,2022_0920_162048_112,2
9/20/22,4041,2022_0920_162306_114,2
9/20/22,3273,2022_0920_162434_116,2
9/20/22,3776,2022_0920_162604_118,2
9/20/22,3016,2022_0920_162815_120,2
9/20/22,3130,2022_0920_162953_122,2
9/20/22,3606,2022_0920_163202_124,2
9/20/22,3609,2022_0920_163445_126,2
9/20/22,3569,2022_0920_163646_128,2
9/20/22,3932,2022_0920_163807_130,2
9/20/22,4291,2022_0920_164002_132,2
9/20/22,4290,2022_0920_164146_134,2
9/20/22,3970,2022_0920_164321_136,2
9/20/22,3913,2022_0920_164443_138,2
9/20/22,4317,2022_0920_164609_140,2
9/20/22,3638,2022_0920_164729_142,2
9/20/22,3390,2022_0920_164852_144,2
9/20/22,4281,2022_0920_165006_146,2
9/20/22,3112,2022_0920_165112_148,2
9/20/22,3993,2022_0920_165222_150,2
9/20/22,3381,2022_0920_165346_152,2
9/20/22,3883,2022_0920_165512_154,2
9/20/22,4422,2022_0920_165632_156,2
9/20/22,3172,2022_0920_165754_158,2
9/21/22,4332,2022_0921_103111_002,2
9/21/22,4066,2022_0921_103357_004,2
9/21/22,3414,2022_0921_103554_006,2
9/21/22,4336,2022_0921_103733_008,2
9/21/22,3662,2022_0921_103918_010,2
9/21/22,3655,2022_0921_104101_012,2
9/21/22,3833,2022_0921_104230_014,2
9/21/22,3278,2022_0921_104351_016,2
9/21/22,3783,2022_0921_104749_018,2
9/21/22,4309,2022_0921_104906_020,2
9/21/22,3554,2022_0921_105040_022,2
9/21/22,3018,2022_0921_105210_024,2
9/21/22,4144,2022_0921_105411_026,2
9/21/22,3861,2022_0921_105614_028,2
9/21/22,3509,2022_0921_105847_030,2
9/21/22,3125,2022_0921_110021_032,2
9/21/22,3616,2022_0921_110226_034,2
9/21/22,3840,2022_0921_110401_036,2
9/21/22,3035,2022_0921_110559_038,2
9/21/22,3718,2022_0921_110744_040,2
9/21/22,4390,2022_0921_110910_042,2
9/21/22,3805,2022_0921_111046_044,2
9/21/22,4031,2022_0921_111230_046,2
9/21/22,4071,2022_0921_111441_048,2
9/21/22,3535,2022_0921_111703_050,2
9/21/22,3167,2022_0921_111842_052,2
9/21/22,3533,2022_0921_112030_054,2
9/21/22,3994,2022_0921_112420_056,2
9/21/22,3504,2022_0921_112611_058,2
9/21/22,4005,2022_0921_112819_060,2
9/21/22,3197,2022_0921_113058_062,2
9/21/22,4044,2022_0921_113245_064,2
9/21/22,3252,2022_0921_113404_066,2
9/21/22,3738,2022_0921_113521_068,2
9/21/22,4413,2022_0921_113717_070,2
9/21/22,3530,2022_0921_113901_072,2
9/21/22,4284,2022_0921_114033_074,2
9/21/22,3603,2022_0921_114257_076,2
9/21/22,4282,2022_0921_114431_078,2
9/21/22,4132,2022_0921_114611_080,2
9/21/22,3506,2022_0921_114749_082,2
9/21/22,4099,2022_0921_120135_084,2
9/21/22,4283,2022_0921_120324_086,2
9/21/22,3266,2022_0921_120438_088,2
9/21/22,3127,2022_0921_120643_090,2
9/21/22,3129,2022_0921_120825_092,2
9/21/22,4185,2022_0921_120948_094,2
9/21/22,3946,2022_0921_121100_096,2
9/21/22,3087,2022_0921_121255_098,2
9/21/22,3594,2022_0921_121427_100,2
9/21/22,3787,2022_0921_121556_102,2
9/21/22,3700,2022_0921_121728_104,2
9/21/22,3378,2022_0921_121837_106,2
9/21/22,3897,2022_0921_121954_108,2
9/21/22,3778,2022_0921_122153_110,2
9/21/22,4002,2022_0921_122323_112,2
9/21/22,3787,2022_0921_132915_114,2
9/21/22,3700,2022_0921_133056_116,2
9/21/22,3378,2022_0921_133204_118,2
9/21/22,3897,2022_0921_133319_120,2
9/21/22,3778,2022_0921_133438_122,2
9/21/22,4002,2022_0921_133557_124,2
9/21/22,3508,2022_0921_133709_126,2
9/21/22,4276,2022_0921_133810_128,2
9/21/22,4308,2022_0921_133946_130,2
9/21/22,4011,2022_0921_134119_132,2
9/21/22,3980,2022_0921_134250_134,2
9/21/22,3013,2022_0921_134601_136,2
9/21/22,3705,2022_0921_134753_138,2
9/21/22,3806,2022_0921_134857_140,2
9/21/22,4100,2022_0921_135046_142,2
9/21/22,3732,2022_0921_135151_144,2
9/21/22,3894,2022_0921_135252_146,2
9/21/22,4123,2022_0921_135401_148,2
9/21/22,4233,2022_0921_135540_150,2
9/21/22,3244,2022_0921_135710_152,2
9/21/22,3481,2022_0921_135824_154,2
9/21/22,3038,2022_0921_140010_156,2
9/21/22,3126,2022_0921_140148_158,2
9/21/22,3111,2022_0921_140641_160,2
9/21/22,3519,2022_0921_140755_162,2
9/21/22,4095,2022_0921_140941_164,2
9/21/22,4205,2022_0921_141103_166,2
9/21/22,3828,2022_0921_141215_168,2
9/21/22,3943,2022_0921_141352_170,2
9/21/22,4192,2022_0921_141513_172,2
9/21/22,4269,2022_0921_141647_174,2
9/21/22,3985,2022_0921_141818_176,2
9/21/22,4151,2022_0921_141938_178,2
9/21/22,4147,2022_0921_142107_180,2
9/21/22,3536,2022_0921_142258_182,2
9/21/22,4036,2022_0921_142428_184,2
9/21/22,4092,2022_0921_142557_186,2
9/21/22,4257,2022_0921_142653_188,2
9/21/22,3011,2022_0921_142816_190,2
9/21/22,3027,2022_0921_143141_192,2
9/21/22,3539,2022_0921_143305_194,2
9/21/22,3918,2022_0921_143408_196,2
9/21/22,3855,2022_0921_143605_198,2
9/21/22,4001,2022_0921_143744_200,2
9/21/22,3513,2022_0921_143951_202,2
9/21/22,3812,2022_0921_144057_204,2
9/21/22,3862,2022_0921_144228_206,2
9/21/22,3415,2022_0921_144338_208,2
9/21/22,4380,2022_0921_144513_210,2
9/21/22,4105,2022_0921_144627_212,2
9/21/22,3808,2022_0921_144745_214,2
9/21/22,4222,2022_0921_144901_216,2
9/21/22,3916,2022_0921_145027_218,2
9/21/22,4238,2022_0921_145147_220,2
9/21/22,3498,2022_0921_145259_222,2
9/21/22,3835,2022_0921_145359_224,2
9/21/22,3058,2022_0921_145648_226,2
9/21/22,4148,2022_0921_145808_228,2
9/21/22,4334,2022_0921_150028_230,2
9/21/22,3680,2022_0921_150140_232,2
9/21/22,4396,2022_0921_150312_234,2
9/21/22,3377,2022_0921_150421_236,2
9/21/22,4043,2022_0921_150558_238,2
9/21/22,4394,2022_0921_150720_240,2
9/21/22,4024,2022_0921_150930_242,2
9/21/22,3544,2022_0921_151113_244,2
9/21/22,3842,2022_0921_151256_246,2
9/21/22,3568,2022_0921_151423_248,2
9/21/22,3834,2022_0921_151653_250,2
9/21/22,4397,2022_0921_151902_252,2
9/21/22,4047,2022_0921_152034_254,2
9/21/22,4419,2022_0921_152137_256,2
9/21/22,4405,2022_0921_152322_258,2
9/21/22,4318,2022_0921_152438_260,2
9/21/22,3630,2022_0921_152609_262,2
9/21/22,3810,2022_0921_152723_264,2
9/21/22,4278,2022_0921_152856_266,2
9/21/22,3798,2022_0921_153028_268,2
9/21/22,4254,2022_0921_153215_270,2
9/21/22,3725,2022_0921_153330_272,2
9/21/22,4412,2022_0921_153445_274,2
9/21/22,3426,2022_0921_153554_276,2
9/21/22,4160,2022_0921_153754_278,2
9/21/22,3973,2022_0921_153954_280,2
9/21/22,3824,2022_0921_154104_282,2
9/21/22,4134,2022_0921_154447_284,2
9/21/22,3547,2022_0921_154618_286,2
9/21/22,4038,2022_0921_154758_288,2
9/21/22,3772,2022_0921_154949_290,2
9/21/22,3982,2022_0921_155144_292,2
9/21/22,3734,2022_0921_155313_294,2
9/21/22,4335,2022_0921_155429_296,2
9/21/22,3551,2022_0921_155636_298,2
9/21/22,3052,2022_0921_155802_300,2
9/21/22,3728,2022_0921_155912_302,2
9/21/22,4279,2022_0921_160027_304,2
9/21/22,4285,2022_0921_160144_306,2
9/21/22,3284,2022_0921_160306_308,2
9/21/22,3967,2022_0921_160525_310,2
9/21/22,6393,2022_0921_160703_312,2
9/21/22,3899,2022_0921_160833_314,2
9/21/22,3736,2022_0921_160941_316,2
9/21/22,4426,2022_0921_161108_318,2
9/21/22,3665,2022_0921_161225_320,2
9/21/22,3653,2022_0921_161350_322,2
9/21/22,4098,2022_0921_161509_324,2
9/21/22,3695,2022_0921_161632_326,2
9/21/22,3714,2022_0921_162030_328,2
9/21/22,4000,2022_0921_162217_330,2
9/21/22,3559,2022_0921_162327_332,2
9/21/22,3773,2022_0921_162436_334,2
9/21/22,3473,2022_0921_162535_336,2
9/21/22,3933,2022_0921_162644_338,2
9/21/22,3245,2022_0921_162749_340,2
9/21/22,4243,2022_0921_162911_342,2
9/21/22,3836,2022_0921_163011_344,2
9/21/22,4021,2022_0921_163134_346,2
9/21/22,3590,2022_0921_163245_348,2
9/22/22,3007,2022_0922_164826_002,2
9/22/22,4139,2022_0922_165101_004,2
9/22/22,3251,2022_0922_165218_006,2
9/22/22,3872,2022_0922_165402_008,2
9/22/22,3269,2022_0922_165515_010,2
9/22/22,3270,2022_0922_165624_012,2
9/22/22,3589,2022_0922_165831_014,2
9/22/22,4140,2022_0922_170030_016,2
9/22/22,4157,2022_0922_170340_018,2
9/22/22,4004,2022_0922_170511_020,2
9/22/22,3880,2022_0922_170721_022,2
9/22/22,4127,2022_0922_170953_024,2
9/22/22,4019,2022_0922_171113_026,2
9/22/22,4330,2022_0922_171226_028,2
9/22/22,3613,2022_0922_171400_030,2
9/22/22,3558,2022_0922_171455_032,2
9/22/22,3597,2022_0922_171723_034,2
9/22/22,4386,2022_0922_171844_036,2
9/22/22,4415,2022_0922_171953_038,2
9/22/22,4328,2022_0922_172052_040,2
9/22/22,3055,2022_0922_172253_042,2
9/22/22,3076,2022_0922_172424_044,2
9/22/22,3051,2022_0922_172544_046,2
9/22/22,3486,2022_0922_172701_048,2
9/22/22,3264,2022_0922_172812_050,2
9/22/22,4262,2022_0922_172927_052,2
9/22/22,3331,2022_0922_173055_054,2
9/22/22,3334,2022_0922_173158_056,2
9/22/22,3890,2022_0922_173307_058,2
9/22/22,4315,2022_0922_173430_060,2
9/22/22,3188,2022_0922_173600_062,2
9/22/22,4034,2022_0922_173712_064,2
9/22/22,3789,2022_0922_173834_066,2
9/22/22,3779,2022_0922_173927_068,2
9/22/22,4033,2022_0922_174053_070,2
9/22/22,4025,2022_0922_174212_072,2
9/23/22,4230,2022_0923_151158_002,2
9/23/22,3701,2022_0923_151416_004,2
9/23/22,4320,2022_0923_151542_006,2
9/23/22,4162,2022_0923_151710_008,2
9/23/22,3276,2022_0923_151837_010,2
9/23/22,4324,2022_0923_151955_012,2
9/23/22,3570,2022_0923_152153_014,2
9/23/22,3562,2022_0923_152416_016,2
9/23/22,4429,2022_0923_152534_018,2
9/23/22,3615,2022_0923_152709_020,2
9/23/22,4170,2022_0923_152933_022,2
9/23/22,3704,2022_0923_153109_024,2
9/23/22,3955,2022_0923_153318_026,2
9/23/22,4028,2022_0923_153437_028,2
9/23/22,3601,2022_0923_153646_030,2
9/23/22,3141,2022_0923_153811_032,2
9/23/22,3767,2022_0923_153952_034,2
9/23/22,3577,2022_0923_154117_036,2
9/23/22,3804,2022_0923_154239_038,2
9/23/22,4401,2022_0923_154354_040,2
9/23/22,3005,2022_0923_154546_042,2
9/23/22,3002,2022_0923_154659_044,2
9/23/22,3128,2022_0923_154835_046,2
9/23/22,4297,2022_0923_154950_048,2
9/23/22,3274,2022_0923_155112_050,2
9/23/22,3259,2022_0923_155230_052,2
9/23/22,3986,2022_0923_155443_054,2
9/23/22,4417,2022_0923_155546_056,2
9/23/22,3140,2022_0923_155726_058,2
9/23/22,3620,2022_0923_160011_060,2
9/23/22,3026,2022_0923_160229_062,2
9/23/22,3654,2022_0923_160420_064,2
9/23/22,3033,2022_0923_160720_066,2
9/23/22,4155,2022_0923_160851_068,2
9/23/22,3119,2022_0923_161118_070,2
9/23/22,3108,2022_0923_161235_072,2
9/23/22,3237,2022_0923_161401_074,2
9/23/22,4124,2022_0923_161941_076,2
9/23/22,4163,2022_0923_162319_078,2
9/23/22,3937,2022_0923_162536_080,2
9/23/22,3493,2022_0923_162741_082,2
9/23/22,3741,2022_0923_162926_084,2
9/23/22,3522,2022_0923_163150_086,2
9/23/22,4402,2022_0923_163322_088,2
9/23/22,4120,2022_0923_163501_090,2
9/23/22,4042,2022_0923_163628_092,2
9/23/22,4273,2022_0923_163801_094,2
9/23/22,3423,2022_0923_163918_096,2
9/23/22,3120,2022_0923_164040_098,2
9/23/22,3664,2022_0923_164154_100,2
9/23/22,4060,2022_0923_164413_102,2
9/23/22,3124,2022_0923_164527_104,2
9/23/22,4035,2022_0923_164710_106,2
9/23/22,4321,2022_0923_164815_108,2
9/23/22,3724,2022_0923_164947_110,2
9/23/22,3742,2022_0923_165051_112,2
9/23/22,4082,2022_0923_165249_114,2
9/23/22,3769,2022_0923_165409_116,2
9/23/22,3440,2022_0923_165528_118,2
9/23/22,3854,2022_0923_165703_122,2
9/23/22,3583,2022_0923_165932_124,2
9/23/22,4343,2022_0923_170058_126,2
9/23/22,4081,2022_0923_170300_128,2
9/23/22,3543,2022_0923_170411_130,2
9/23/22,3337,2022_0923_170535_132,2
9/23/22,4289,2022_0923_170643_134,2
9/23/22,3517,2022_0923_170908_136,2
9/23/22,4323,2022_0923_171023_138,2
9/23/22,3524,2022_0923_171204_140,2
9/23/22,4018,2022_0923_171321_142,2
9/23/22,3566,2022_0923_171439_144,2
9/23/22,4404,2022_0923_171645_146,2
9/23/22,3521,2022_0923_171812_148,2
9/23/22,4258,2022_0923_171955_150,2
9/23/22,3821,2022_0923_172145_152,2
9/23/22,4109,2022_0923_172751_154,2
9/26/22,4085,2022_0926_120322_002,2
9/26/22,3139,2022_0926_120504_004,2
9/26/22,3518,2022_0926_120628_006,2
9/26/22,3113,2022_0926_120725_008,2
9/26/22,4027,2022_0926_120834_010,2
9/26/22,3580,2022_0926_121059_012,2
9/26/22,4344,2022_0926_121153_014,2
9/26/22,3265,2022_0926_121259_016,2
9/26/22,4370,2022_0926_121417_018,2
9/26/22,4067,2022_0926_121532_020,2
9/26/22,3271,2022_0926_121638_022,2
9/26/22,4268,2022_0926_121747_024,2
9/26/22,4136,2022_0926_121917_026,2
9/26/22,3755,2022_0926_122014_028,2
9/26/22,3987,2022_0926_122136_030,2
9/26/22,3056,2022_0926_122304_032,2
9/26/22,3893,2022_0926_122416_034,2
9/26/22,3556,2022_0926_122512_036,2
9/26/22,3859,2022_0926_122623_038,2
9/26/22,4046,2022_0926_122728_040,2
9/26/22,3573,2022_0926_122843_042,2
9/26/22,3096,2022_0926_123018_044,2
9/26/22,3339,2022_0926_123126_046,2
9/26/22,3898,2022_0926_123229_048,2
9/26/22,3795,2022_0926_123351_050,2
9/26/22,4274,2022_0926_123512_052,2
9/26/22,4237,2022_0926_123626_054,2
9/26/22,4175,2022_0926_123752_056,2
9/26/22,3612,2022_0926_123912_058,2
9/26/22,3827,2022_0926_124024_060,2
9/26/22,3764,2022_0926_124146_062,2
9/26/22,3382,2022_0926_124301_064,2
9/26/22,3643,2022_0926_124405_066,2
9/26/22,3646,2022_0926_124515_068,2
9/26/22,3708,2022_0926_124659_070,2
9/26/22,3709,2022_0926_124836_072,2
9/26/22,3771,2022_0926_124937_074,2
9/26/22,3697,2022_0926_125047_076,2
9/26/22,3900,2022_0926_125155_078,2
9/26/22,3434,2022_0926_125254_080,2
9/26/22,3873,2022_0926_125412_082,2
9/26/22,3475,2022_0926_125520_084,2
9/26/22,3645,2022_0926_125627_086,2
9/26/22,3186,2022_0926_125721_088,2
9/26/22,4251,2022_0926_125839_090,2
9/26/22,3241,2022_0926_125940_092,2
9/26/22,4265,2022_0926_130035_094,2
9/26/22,3650,2022_0926_130148_096,2
9/26/22,4424,2022_0926_130240_098,2
9/26/22,3998,2022_0926_130345_100,2
9/26/22,3044,2022_0926_130439_102,2
9/26/22,3045,2022_0926_130538_104,2
9/26/22,4015,2022_0926_130653_106,2
9/26/22,3581,2022_0926_130749_108,2
9/26/22,3258,2022_0926_144105_002,2
9/26/22,3751,2022_0926_144230_004,2
9/26/22,3148,2022_0926_144353_006,2
9/26/22,4062,2022_0926_144617_008,2
9/26/22,3803,2022_0926_144735_010,2
9/26/22,4242,2022_0926_144833_012,2
9/26/22,3385,2022_0926_144951_014,2
9/26/22,3793,2022_0926_145055_016,2
9/26/22,4353,2022_0926_145217_018,2
9/26/22,4387,2022_0926_145321_020,2
9/28/22,4256,2022_0928_120829_002,2
9/28/22,3991,2022_0928_120958_004,2
9/28/22,3502,2022_0928_121123_006,2
9/28/22,3780,2022_0928_121229_008,2
9/28/22,4086,2022_0928_121348_010,2
9/28/22,4209,2022_0928_121446_012,2
9/28/22,4249,2022_0928_121634_014,2
9/28/22,3497,2022_0928_121743_016,2
9/28/22,3474,2022_0928_121841_018,2
9/28/22,3433,2022_0928_121942_020,2
9/28/22,3781,2022_0928_122101_022,2
9/28/22,4325,2022_0928_122200_024,2
9/28/22,3361,2022_0928_122317_026,2
9/28/22,4436,2022_0928_122427_028,2
9/28/22,3323,2022_0928_122533_030,2
9/28/22,4373,2022_0928_122639_032,2
9/28/22,3525,2022_0928_122806_034,2
9/28/22,3048,2022_0928_122912_036,2
9/28/22,3541,2022_0928_123030_038,2
9/28/22,3879,2022_0928_123208_040,2
9/28/22,4091,2022_0928_123352_042,2
9/28/22,3488,2022_0928_123525_044,2
9/28/22,3425,2022_0928_123634_046,2
9/28/22,4010,2022_0928_123755_048,2
9/28/22,3622,2022_0928_123908_050,2
9/28/22,3735,2022_0928_124020_052,2
9/28/22,3748,2022_0928_124132_054,2
9/28/22,4271,2022_0928_124258_056,2
9/28/22,3757,2022_0928_124404_058,2
9/28/22,4020,2022_0928_124730_060,2
9/28/22,3158,2022_0928_124845_062,2
9/28/22,4167,2022_0928_133744_002,2
9/28/22,4196,2022_0928_133855_004,2
9/28/22,3766,2022_0928_134011_006,2
9/28/22,3731,2022_0928_134119_008,2
9/28/22,4240,2022_0928_134228_010,2
9/28/22,3722,2022_0928_134340_012,2
9/28/22,3582,2022_0928_134520_014,2
9/28/22,4416,2022_0928_134644_016,2
9/28/22,4327,2022_0928_134828_018,2
9/28/22,3255,2022_0928_134949_020,2
9/28/22,3953,2022_0928_135146_022,2
9/28/22,4369,2022_0928_135305_024,2
9/28/22,3279,2022_0928_135412_026,2
9/28/22,3281,2022_0928_135508_028,2
9/28/22,4241,2022_0928_135639_030,2
9/28/22,4362,2022_0928_135745_032,2
9/28/22,3617,2022_0928_135929_034,2
9/28/22,3592,2022_0928_140051_036,2
9/28/22,3858,2022_0928_140306_038,2
9/28/22,3832,2022_0928_140429_040,2
9/28/22,3043,2022_0928_140625_042,2
9/28/22,3688,2022_0928_140747_044,2
9/28/22,3737,2022_0928_140855_046,2
9/28/22,4122,2022_0928_141026_048,2
9/28/22,4391,2022_0928_141158_050,2
9/28/22,4341,2022_0928_141317_052,2
9/28/22,3369,2022_0928_141450_054,2
9/28/22,3740,2022_0928_141610_056,2
9/28/22,3745,2022_0928_141804_058,2
9/28/22,3756,2022_0928_141920_060,2
9/28/22,3901,2022_0928_142032_062,2
9/28/22,4277,2022_0928_142135_064,2
9/28/22,4326,2022_0928_142245_066,2
9/28/22,4032,2022_0928_142418_068,2
9/28/22,4212,2022_0928_142543_070,2
9/28/22,4145,2022_0928_142739_072,2
9/28/22,3189,2022_0928_142911_074,2
9/28/22,3565,2022_0928_143031_076,2
9/28/22,3349,2022_0928_143143_078,2
9/28/22,3891,2022_0928_143251_080,2
9/28/22,3974,2022_0928_143424_082,2
9/28/22,3001,2022_0928_143549_084,2
9/28/22,4371,2022_0928_143724_086,2
9/28/22,3744,2022_0928_143838_088,2
9/28/22,4235,2022_0928_143951_090,2
9/28/22,4054,2022_0928_144121_092,2
9/28/22,3567,2022_0928_144238_094,2
9/28/22,3917,2022_0928_144439_096,2
9/28/22,3938,2022_0928_144615_098,2
9/28/22,3896,2022_0928_144728_100,2
9/28/22 15:09,3782,2022_0928_144854_102,2
9/28/22 15:11,3628,2022_0928_145005_104,2
9/28/22,3240,2022_0928_164423_002,2
9/28/22,4067,2022_0928_164546_004,2
9/28/22,4149,2022_0928_164715_006,2
9/28/22,4030,2022_0928_164831_008,2
9/28/22,3275,2022_0928_165002_010,2
9/28/22,3801,2022_0928_165116_012,2
9/28/22,3921,2022_0928_165253_014,2
9/28/22,3972,2022_0928_165414_018,2
9/28/22,3760,2022_0928_165521_020,2
9/28/22,4026,2022_0928_165643_022,2
9/28/22,3887,2022_0928_165858_024,2
9/28/22,4307,2022_0928_170007_026,2
9/28/22,3796,2022_0928_170136_028,2
9/28/22,3683,2022_0928_170241_030,2
9/28/22,4117,2022_0928_170357_032,2
9/28/22,3843,2022_0928_170500_034,2
9/28/22,4361,2022_0928_170604_036,2
9/28/22,3847,2022_0928_170704_038,2
9/28/22,4261,2022_0928_170825_040,2
9/28/22,3954,2022_0928_170939_042,2
9/28/22,3696,2022_0928_171134_044,2
9/28/22,3963,2022_0928_171330_046,2
9/28/22,3876,2022_0928_171452_048,2
9/28/22,3586,2022_0928_171652_050,2
9/28/22,4286,2022_0928_171815_052,2
9/28/22,3997,2022_0928_171918_054,2
9/28/22,4246,2022_0928_172032_056,2
9/28/22,3711,2022_0928_172210_058,2
9/28/22,4266,2022_0928_172916_066,2
9/28/22,4398,2022_0928_173029_068,2
9/28/22,3774,2022_0928_173234_070,2
9/28/22,3965,2022_0928_173429_072,2
9/28/22,3012,2022_0928_173549_074,2
9/28/22,4165,2022_0928_173708_076,2
9/28/22,3545,2022_0928_173827_078,2
9/28/22,3184,2022_0928_173933_080,2
9/28/22,3505,2022_0928_174202_082,2
9/28/22,3496,2022_0928_174320_084,2
9/28/22,4305,2022_0928_174443_086,2
9/28/22,4310,2022_0928_174611_088,2
9/28/22,3605,2022_0928_174754_090,2
9/28/22,4037,2022_0928_174912_092,2
9/28/22,3552,2022_0928_175040_094,2
9/28/22,4070,2022_0928_175205_096,2
9/28/22,3936,2022_0928_175311_098,2
9/28/22,3964,2022_0928_175420_100,2
9/29/22,3482,2022_0929_164434_002,2
9/29/22,4158,2022_0929_164548_004,2
9/29/22,4152,2022_0929_164706_006,2
9/29/22,3563,2022_0929_164826_008,2
9/29/22,3379,2022_0929_164958_010,2
9/29/22,3358,2022_0929_165106_012,2
9/29/22,4075,2022_0929_165216_014,2
9/29/22,4069,2022_0929_165308_016,2
9/29/22,4083,2022_0929_165416_018,2
9/29/22,3110,2022_0929_165528_020,2
9/29/22,3845,2022_0929_165655_022,2
9/29/22,3484,2022_0929_165759_024,2
9/29/22,4403,2022_0929_165903_026,2
9/29/22,3591,2022_0929_170011_028,2
9/29/22,3117,2022_0929_170135_030,2
9/29/22,3102,2022_0929_170240_032,2
9/29/22,3826,2022_0929_170350_034,2
9/29/22,3557,2022_0929_170444_036,2
9/29/22,4345,2022_0929_170544_038,2
9/29/22,3957,2022_0929_170645_040,2
9/29/22,3398,2022_0929_170821_042,2
9/29/22,3412,2022_0929_170923_044,2
9/29/22,3529,2022_0929_171054_046,2
9/29/22,4097,2022_0929_171215_048,2
11/14/22,3619,2022_1114_131527_002,3
11/14/22,3621,2022_1114_131721_004,3
11/14/22,4063,2022_1114_131859_006,3
11/14/22,4379,2022_1114_132009_008,3
11/14/22,3327,2022_1114_132146_010,3
11/14/22,4311,2022_1114_132346_012,3
11/14/22,4367,2022_1114_132520_014,3
11/14/22,3614,2022_1114_132654_016,3
11/14/22,4410,2022_1114_132822_018,3
11/14/22,3261,2022_1114_132914_020,3
11/14/22,3856,2022_1114_133738_022,3
11/14/22,4013,2022_1114_133916_024,3
11/14/22,3640,2022_1114_134030_026,3
11/14/22,3599,2022_1114_134152_028,3
11/14/22,3849,2022_1114_134335_030,3
11/14/22,3817,2022_1114_134502_032,3
11/14/22,4378,2022_1114_134700_034,3
11/14/22,4089,2022_1114_134851_036,3
11/14/22,3825,2022_1114_135043_038,3
11/14/22,3338,2022_1114_135155_040,3
11/14/22,3752,2022_1114_135336_042,3
11/14/22,3739,2022_1114_135449_044,3
11/14/22,3151,2022_1114_135628_046,3
11/14/22,3191,2022_1114_135801_048,3
11/14/22,3785,2022_1114_151947_050,3
11/14/22,3777,2022_1114_152125_052,3
11/14/22,3260,2022_1114_152310_054,3
11/14/22,4400,2022_1114_152410_056,3
11/14/22,3799,2022_1114_152543_058,3
11/14/22,3679,2022_1114_152724_060,3
11/14/22,3600,2022_1114_152952_062,3
11/14/22,3046,2022_1114_154215_064,3
11/16/22,4061,2022_1116_131114_002,3
11/16/22,3483,2022_1116_131242_004,3
11/16/22,3118,2022_1116_131425_006,3
11/16/22,3136,2022_1116_131541_008,3
11/16/22,3000,2022_1116_131728_010,3
11/16/22,4014,2022_1116_131851_012,3
11/16/22,4029,2022_1116_132027_014,3
11/16/22,4056,2022_1116_132144_016,3
11/16/22,4159,2022_1116_132332_018,3
11/16/22,3114,2022_1116_132447_020,3
11/16/22,3837,2022_1116_132620_022,3
11/16/22,3587,2022_1116_132730_024,3
11/16/22,3383,2022_1116_132952_026,3
11/16/22,4407,2022_1116_133118_028,3
11/16/22,3335,2022_1116_133248_030,3
11/16/22,3905,2022_1116_133429_032,3
11/16/22,3135,2022_1116_133557_034,3
11/16/22,3132,2022_1116_133704_036,3
11/16/22,4280,2022_1116_133854_038,3
11/16/22,4079,2022_1116_134018_040,3
11/16/22,3272,2022_1116_134215_042,3
11/16/22,4293,2022_1116_134320_044,3
11/16/22,4195,2022_1116_134530_046,3
11/16/22,3008,2022_1116_134702_048,3
11/16/22,3532,2022_1116_134841_050,3
11/16/22,4228,2022_1116_134948_052,3
11/16/22,4255,2022_1116_135117_054,3
11/16/22,3584,2022_1116_135238_056,3
11/16/22,3250,2022_1116_135418_058,3
11/16/22,3438,2022_1116_135530_060,3
11/16/22,3254,2022_1116_135650_062,3
11/16/22,4253,2022_1116_135757_064,3
11/16/22,4399,2022_1116_135951_066,3
11/16/22,4227,2022_1116_140053_068,3
11/16/22,4133,2022_1116_140206_070,3
11/16/22,3850,2022_1116_140315_072,3
11/16/22,3626,2022_1116_140521_074,3
11/16/22,3629,2022_1116_140648_076,3
11/16/22,3623,2022_1116_141029_078,3
11/16/22,3746,2022_1116_141156_080,3
11/16/22,3549,2022_1116_141331_082,3
11/16/22,4221,2022_1116_141441_084,3
11/16/22,4316,2022_1116_141557_086,3
11/16/22,3885,2022_1116_141655_088,3
11/16/22,3542,2022_1116_141845_090,3
11/16/22,3844,2022_1116_142001_092,3
11/16/22,3839,2022_1116_142134_094,3
11/16/22,3838,2022_1116_142231_096,3
11/16/22,3775,2022_1116_142423_098,3
11/16/22,4333,2022_1116_142600_100,3
11/16/22,4218,2022_1116_142720_102,3
11/16/22,3723,2022_1116_142834_104,3
11/16/22,3095,2022_1116_143017_106,3
11/16/22,4135,2022_1116_143137_108,3
11/16/22,3489,2022_1116_144941_110,3
11/16/22,3511,2022_1116_145058_112,3
11/16/22,3999,2022_1116_145226_114,3
11/16/22,3860,2022_1116_145325_116,3
11/16/22,4435,2022_1116_145511_118,3
11/16/22,3364,2022_1116_145642_120,3
11/16/22,3077,2022_1116_145806_122,3
11/16/22,3611,2022_1116_145929_124,3
11/16/22,3553,2022_1116_150047_126,3
11/16/22,4312,2022_1116_150157_128,3
11/16/22,3995,2022_1116_150402_130,3
11/16/22,4007,2022_1116_150618_132,3
11/16/22,3392,2022_1116_150807_134,3
11/16/22,3400,2022_1116_150907_136,3
11/16/22,3325,2022_1116_151100_138,3
11/16/22,3333,2022_1116_151229_140,3
11/16/22,3243,2022_1116_151351_142,3
11/16/22,3242,2022_1116_151454_144,3
11/16/22,4187,2022_1116_151613_146,3
11/16/22,4213,2022_1116_151722_148,3
11/16/22,4183,2022_1116_151911_150,3
11/16/22,3959,2022_1116_152022_152,3
11/16/22,4368,2022_1116_152152_154,3
11/16/22,4384,2022_1116_152320_156,3
11/16/22,4260,2022_1116_152503_158,3
11/16/22,3494,2022_1116_152622_160,3
11/16/22,3958,2022_1116_152758_162,3
11/16/22,3915,2022_1116_152916_164,3
11/16/22,4388,2022_1116_153017_166,3
11/16/22,4392,2022_1116_153129_168,3
11/18/22,3853,2022_1118_151007_002,3
11/18/22,4055,2022_1118_151151_004,3
11/18/22,3576,2022_1118_151435_006,3
11/18/22,4329,2022_1118_151604_008,3
11/18/22,3042,2022_1118_151837_010,3
11/18/22,4017,2022_1118_152004_012,3
11/18/22,3348,2022_1118_152114_014,3
11/18/22,3359,2022_1118_152234_016,3
11/18/22,3531,2022_1118_152349_018,3
11/18/22,4146,2022_1118_152503_020,3
11/18/22,3813,2022_1118_152650_022,3
11/18/22,3356,2022_1118_152804_024,3
11/18/22,3495,2022_1118_152948_026,3
11/18/22,4319,2022_1118_153131_028,3
11/18/22,3593,2022_1118_153314_030,3
11/18/22,3006,2022_1118_153438_032,3
11/18/22,4008,2022_1118_153600_034,3
11/18/22,3992,2022_1118_153720_036,3
11/18/22,3684,2022_1118_153826_038,3
11/18/22,4088,2022_1118_153925_040,3
11/18/22,3574,2022_1118_154047_042,3
11/18/22,3183,2022_1118_154151_044,3
11/18/22,4322,2022_1118_154303_046,3
11/18/22,4408,2022_1118_154358_048,3
11/18/22,3109,2022_1118_154551_050,3
11/18/22,4096,2022_1118_154659_052,3
11/18/22,3181,2022_1118_154811_054,3
11/18/22,3550,2022_1118_154909_056,3
11/18/22,3386,2022_1118_155025_058,3
11/18/22,3268,2022_1118_155116_060,3
11/18/22,3107,2022_1118_155226_062,3
11/18/22,4041,2022_1118_155346_064,3
11/18/22,3273,2022_1118_155452_066,3
11/18/22,3776,2022_1118_155545_068,3
11/18/22,3016,2022_1118_155658_070,3
11/18/22,3130,2022_1118_155834_072,3
11/18/22,3606,2022_1118_155952_074,3
11/18/22,3609,2022_1118_160200_076,3
11/18/22,3569,2022_1118_160256_078,3
11/18/22,3932,2022_1118_160402_080,3
11/18/22,4291,2022_1118_160448_082,3
11/18/22,4290,2022_1118_160529_084,3
11/18/22,3970,2022_1118_160643_086,3
11/18/22,3913,2022_1118_160742_088,3
11/18/22,4317,2022_1118_160903_090,3
11/18/22,3638,2022_1118_161003_092,3
11/18/22,3390,2022_1118_161059_094,3
11/18/22,4281,2022_1118_161141_096,3
11/18/22,3112,2022_1118_161236_098,3
11/18/22,3993,2022_1118_161332_100,3
11/18/22,3381,2022_1118_161446_102,3
11/18/22,3883,2022_1118_161538_104,3
11/18/22,4422,2022_1118_161636_106,3
11/18/22,3172,2022_1118_161734_108,3
11/21/22,3933,2022_1121_155049_002,3
11/21/22,3245,2022_1121_155206_004,3
11/21/22,4243,2022_1121_155310_006,3
11/21/22,3836,2022_1121_155433_008,3
11/21/22,4021,2022_1121_155546_010,3
11/21/22,3590,2022_1121_155720_012,3
11/21/22,4000,2022_1121_155829_014,3
11/21/22,3559,2022_1121_155926_016,3
11/21/22,3773,2022_1121_160046_018,3
11/21/22,3473,2022_1121_160154_020,3
11/21/22,4426,2022_1121_160341_022,3
11/21/22,3665,2022_1121_160848_024,3
11/21/22,3653,2022_1121_160715_026,3
11/21/22,4098,2022_1121_160837_028,3
11/21/22,3695,2022_1121_160956_030,3
11/21/22,3714,2022_1121_161111_032,3
11/21/22,3967,2022_1121_161244_034,3
11/21/22,3693,2022_1121_161359_036,3
11/21/22,3899,2022_1121_161523_038,3
11/21/22,3736,2022_1121_161651_040,3
11/21/22,3551,2022_1121_161829_042,3
11/21/22,3052,2022_1121_161942_044,3
11/21/22,3728,2022_1121_162058_046,3
11/21/22 15:50,4279,2022_1121_162201_048,3
11/21/22,4285,2022_1121_162415_050,3
11/21/22,3284,2022_1121_162514_052,3
11/21/22,3772,2022_1121_162701_054,3
11/21/22,3982,2022_1121_162839_056,3
11/21/22,3734,2022_1121_162951_058,3
11/21/22,4335,2022_1121_163053_060,3
11/21/22,4160,2022_1121_163312_062,3
11/21/22,3973,2022_1121_163431_064,3
11/21/22,3824,2022_1121_163532_066,3
11/21/22,4134,2022_1121_163700_068,3
11/21/22,3547,2022_1121_163832_070,3
11/21/22,4038,2022_1121_163955_072,3
11/21/22,4254,2022_1121_164109_074,3
11/21/22,3725,2022_1121_164221_076,3
11/21/22,4412,2022_1121_164331_078,3
11/21/22,3426,2022_1121_164612_080,3
11/21/22,4405,2022_1121_164727_082,3
11/21/22,4318,2022_1121_164914_084,3
11/21/22,3630,2022_1121_165034_086,3
11/21/22,3810,2022_1121_165127_088,3
11/21/22,4278,2022_1121_165237_090,3
11/21/22,3798,2022_1121_165335_092,3
11/21/22,3834,2022_1121_165500_094,3
11/21/22,4397,2022_1121_165615_096,3
11/21/22,4047,2022_1121_165730_098,3
11/21/22,4419,2022_1121_165834_100,3
11/28/22,3834,2022_1128_130701_002,3
11/28/22,4397,2022_1128_130814_004,3
11/28/22,4047,2022_1128_130953_006,3
11/28/22,4419,2022_1128_131104_008,3
11/28/22,4043,2022_1128_131238_010,3
11/28/22,4394,2022_1128_131358_012,3
11/28/22,4024,2022_1128_131538_014,3
11/28/22,3544,2022_1128_131716_016,3
11/28/22,3842,2022_1128_131845_018,3
11/28/22,3568,2022_1128_132010_020,3
11/28/22,4334,2022_1128_132315_022,3
11/28/22,3680,2022_1128_132501_024,3
11/28/22,4396,2022_1128_132647_026,3
11/28/22,3377,2022_1128_132754_028,3
11/28/22,3916,2022_1128_132938_030,3
11/28/22,4238,2022_1128_133059_032,3
11/28/22,3498,2022_1128_133209_034,3
11/28/22,3835,2022_1128_133316_036,3
11/28/22,3058,2022_1128_133426_038,3
11/28/22,4148,2022_1128_133549_040,3
11/28/22,4380,2022_1128_133715_042,3
11/28/22,4105,2022_1128_133840_044,3
11/28/22,3808,2022_1128_133940_046,3
11/28/22,4222,2022_1128_134044_048,3
11/28/22,3513,2022_1128_153023_050,3
11/28/22,3812,2022_1128_153131_052,3
11/28/22,3862,2022_1128_153245_054,3
11/28/22,3415,2022_1128_153347_056,3
11/28/22,3011,2022_1128_153503_058,3
11/28/22,3027,2022_1128_153614_060,3
11/28/22,3539,2022_1128_153732_062,3
11/28/22,3918,2022_1128_153827_064,3
11/28/22,3855,2022_1128_153943_066,3
11/28/22,4001,2022_1128_154054_068,3
11/28/22,3536,2022_1128_154210_070,3
11/28/22,4036,2022_1128_154332_072,3
11/28/22,4092,2022_1128_154439_074,3
11/28/22,4257,2022_1128_154532_076,3
11/29/22,3943,2022_1129_151906_002,3
11/29/22,4192,2022_1129_152033_004,3
11/29/22,4269,2022_1129_152141_006,3
11/29/22,3985,2022_1129_152250_008,3
11/29/22,4151,2022_1129_152357_010,3
11/29/22,4147,2022_1129_152519_012,3
11/29/22,3519,2022_1129_152622_014,3
11/29/22,4095,2022_1129_152741_016,3
11/29/22,4205,2022_1129_152849_018,3
11/29/22,3828,2022_1129_152954_020,3
11/29/22,4233,2022_1129_153124_022,3
11/29/22,3244,2022_1129_153237_024,3
11/29/22,3481,2022_1129_153342_026,3
11/29/22,3038,2022_1129_153436_028,3
11/29/22,3126,2022_1129_153544_030,3
11/29/22,3111,2022_1129_153653_032,3
11/29/22,4100,2022_1129_153808_034,3
11/29/22,3732,2022_1129_153917_036,3
11/29/22,3894,2022_1129_154026_038,3
11/29/22,4123,2022_1129_154128_040,3
11/29/22,4308,2022_1129_154304_042,3
11/29/22,4011,2022_1129_154426_044,3
11/29/22,3980,2022_1129_154538_046,3
11/29/22,3013,2022_1129_154655_048,3
11/29/22,3705,2022_1129_154845_050,3
11/29/22,3806,2022_1129_155008_052,3
11/29/22,3778,2022_1129_155139_054,3
11/29/22,4002,2022_1129_155295_056,3
11/30/22,3508,2022_1130_133127_002,3
11/30/22,4276,2022_1130_133218_004,3
11/30/22,3087,2022_1130_133358_006,3
11/30/22,3594,2022_1130_133518_008,3
11/30/22,3787,2022_1130_133629_010,3
11/30/22,3700,2022_1130_133748_012,3
11/30/22,3378,2022_1130_133844_014,3
11/30/22,3897,2022_1130_133934_016,3
11/30/22,3127,2022_1130_134041_018,3
11/30/22,3129,2022_1130_134155_020,3
11/30/22,4185,2022_1130_134315_022,3
11/30/22,3946,2022_1130_134423_024,3
11/30/22,4282,2022_1130_134624_026,3
11/30/22,4132,2022_1130_134727_028,3
11/30/22,3506,2022_1130_134856_030,3
11/30/22,4099,2022_1130_135011_032,3
11/30/22,4283,2022_1130_135114_034,3
11/30/22,3266,2022_1130_135213_036,3
11/30/22,4413,2022_1130_135356_038,3
11/30/22,3530,2022_1130_135517_040,3
11/30/22,4284,2022_1130_135623_042,3
11/30/22,3603,2022_1130_135736_044,3
11/30/22,3504,2022_1130_135850_046,3
11/30/22,4005,2022_1130_140011_048,3
11/30/22,3197,2022_1130_140138_050,3
11/30/22,4044,2022_1130_140259_052,3
11/30/22,3252,2022_1130_140409_054,3
11/30/22,3738,2022_1130_140509_056,3
11/30/22,3535,2022_1130_140649_058,3
11/30/22,3167,2022_1130_140756_060,3
11/30/22,3533,2022_1130_140904_062,3
11/30/22,3994,2022_1130_141036_064,3
11/30/22,3035,2022_1130_141223_066,3
11/30/22,3718,2022_1130_141322_068,3
11/30/22,4390,2022_1130_141432_070,3
11/30/22,3805,2022_1130_141530_072,3
11/30/22,4031,2022_1130_141643_074,3
11/30/22,4071,2022_1130_141755_076,3
11/30/22,3509,2022_1130_141920_078,3
11/30/22,3125,2022_1130_142027_080,3
11/30/22,3616,2022_1130_142136_082,3
11/30/22,3840,2022_1130_142307_084,3
11/30/22,3783,2022_1130_142436_086,3
11/30/22,4309,2022_1130_142531_088,3
11/30/22,3554,2022_1130_142641_090,3
11/30/22,3018,2022_1130_142732_092,3
11/30/22,4144,2022_1130_142834_094,3
11/30/22,3861,2022_1130_142927_096,3
11/30/22,3662,2022_1130_143109_098,3
11/30/22,3655,2022_1130_143216_100,3
11/30/22,3833,2022_1130_143320_102,3
11/30/22,3278,2022_1130_143418_104,3
11/30/22,4332,2022_1130_143517_106,3
11/30/22,4066,2022_1130_143617_108,3
11/30/22,3414,2022_1130_143717_110,3
11/30/22,4336,2022_1130_143800_112,3
11/30/22,3007,2022_1130_150017_114,3
11/30/22,4139,2022_1130_150111_116,3
11/30/22,3251,2022_1130_150225_118,3
11/30/22,3872,2022_1130_150338_120,3
11/30/22,3269,2022_1130_150443_122,3
11/30/22,3270,2022_1130_150541_124,3
11/30/22,3589,2022_1130_150740_126,3
11/30/22,4140,2022_1130_150835_128,3
11/30/22,4157,2022_1130_151004_130,3
11/30/22,4004,2022_1130_151131_132,3
11/30/22,3880,2022_1130_151310_134,3
11/30/22,4127,2022_1130_151426_136,3
11/30/22,4019,2022_1130_151610_138,3
11/30/22,4330,2022_1130_151702_140,3
11/30/22,3613,2022_1130_151905_142,3
11/30/22,3558,2022_1130_152007_144,3
11/30/22,3597,2022_1130_152122_146,3
11/30/22,4386,2022_1130_152228_148,3
11/30/22,4415,2022_1130_152339_150,3
11/30/22,4328,2022_1130_152429_152,3
11/30/22,3055,2022_1130_152607_154,3
11/30/22,3076,2022_1130_152716_156,3
11/30/22,3051,2022_1130_152814_158,3
11/30/22,3486,2022_1130_152904_160,3
11/30/22,3264,2022_1130_153007_162,3
11/30/22,4262,2022_1130_153118_164,3
11/30/22,3331,2022_1130_153243_166,3
11/30/22,3334,2022_1130_153340_168,3
11/30/22,3890,2022_1130_153458_170,3
11/30/22,4315,2022_1130_153557_172,3
12/1/22,3188,2022_1201_151129_002,3
12/1/22,4034,2022_1201_151253_004,3
12/1/22,3789,2022_1201_151406_006,3
12/1/22,3779,2022_1201_151507_008,3
12/1/22,4033,2022_1201_151615_010,3
12/1/22,4025,2022_1201_151728_012,3
12/1/22,4230,2022_1201_151843_014,3
12/1/22,3701,2022_1201_152034_016,3
12/1/22,4320,2022_1201_152240_018,3
12/1/22,4162,2022_1201_152345_020,3
12/1/22,3276,2022_1201_152523_022,3
12/1/22,4324,2022_1201_152616_024,3
12/1/22,3570,2022_1201_152819_026,3
12/1/22,3562,2022_1201_153006_028,3
12/1/22,4429,2022_1201_153107_030,3
12/1/22,3615,2022_1201_153220_032,3
12/1/22,4170,2022_1201_153349_034,3
12/1/22,3704,2022_1201_153509_036,3
12/1/22,3955,2022_1201_153624_038,3
12/1/22,4028,2022_1201_153716_040,3
12/1/22,3601,2022_1201_153850_042,3
12/1/22,3141,2022_1201_154004_044,3
12/1/22,3767,2022_1201_154115_046,3
12/1/22,3577,2022_1201_154219_048,3
12/1/22,3804,2022_1201_154319_050,3
12/1/22,4401,2022_1201_154432_052,3
12/1/22,3005,2022_1201_154606_054,3
12/1/22,3002,2022_1201_154722_056,3
12/1/22,3128,2022_1201_154847_058,3
12/1/22,4797,2022_1201_154941_060,3
12/1/22,3274,2022_1201_155128_062,3
12/1/22,3259,2022_1201_155232_064,3
12/1/22,3986,2022_1201_155409_066,3
12/1/22,4417,2022_1201_155510_068,3
12/1/22,3140,2022_1201_155610_070,3
12/1/22,3620,2022_1201_155712_072,3
12/1/22,3026,2022_1201_155848_074,3
12/1/22,3654,2022_1201_155951_076,3
12/1/22,4155,2022_1201_160135_080,3
12/1/22,3033,2022_1201_160234_082,3
12/1/22,3119,2022_1201_160358_084,3
12/1/22,3108,2022_1201_160506_086,3
12/1/22,3237,2022_1201_160705_088,3
12/1/22,4124,2022_1201_160815_090,3
12/1/22,4163,2022_1201_161002_092,3
12/1/22,3937,2022_1201_161126_094,3
12/1/22,3493,2022_1201_161255_096,3
12/1/22,3741,2022_1201_161357_098,3
12/1/22,3522,2022_1201_161520_100,3
12/1/22,4402,2022_1201_161640_102,3
12/1/22,4120,2022_1201_161804_104,3
12/1/22,4042,2022_1201_161924_106,3
12/1/22,4273,2022_1201_162037_108,3
12/1/22,3423,2022_1201_162145_110,3
12/1/22,3120,2022_1201_162309_112,3
12/1/22,3664,2022_1201_162355_114,3
12/2/22,4060,2022_1202_141027_002,3
12/2/22,3124,2022_1202_141133_004,3
12/2/22,4035,2022_1202_141253_006,3
12/2/22,4321,2022_1202_141357_008,3
12/2/22,3724,2022_1202_141508_010,3
12/2/22,3742,2022_1202_141610_012,3
12/2/22,4082,2022_1202_141731_014,3
12/2/22,3769,2022_1202_141858_016,3
12/2/22,3440,2022_1202_142020_018,3
12/2/22,3854,2022_1202_142142_020,3
12/2/22,3583,2022_1202_142301_022,3
12/2/22,4343,2022_1202_142359_024,3
12/2/22,4081,2022_1202_142627_028,3
12/2/22,3543,2022_1202_142738_030,3
12/2/22,3337,2022_1202_142851_032,3
12/2/22,4289,2022_1202_143000_034,3
12/2/22,3517,2022_1202_143137_036,3
12/2/22,4323,2022_1202_143301_038,3
12/2/22,3524,2022_1202_143426_040,3
12/2/22,4018,2022_1202_143537_042,3
12/2/22,3566,2022_1202_143728_044,3
12/2/22,4404,2022_1202_143845_046,3
12/2/22,3521,2022_1202_144005_048,3
12/2/22,4258,2022_1202_144115_050,3
12/2/22,3821,2022_1202_144226_052,3
12/2/22,4109,2022_1202_144323_054,3
12/2/22,4085,2022_1202_144501_056,3
12/2/22,3139,2022_1202_144616_058,3
12/2/22,3518,2022_1202_144721_060,3
12/2/22,3113,2022_1202_144822_062,3
12/2/22,4027,2022_1202_145018_064,3
12/2/22,3580,2022_1202_145152_066,3
12/2/22,4344,2022_1202_145310_068,3
12/2/22,3265,2022_1202_145408_070,3
12/2/22,4370,2022_1202_145521_072,3
12/2/22,4067,2022_1202_145624_074,3
12/2/22,3271,2022_1202_145729_076,3
12/2/22,4268,2022_1202_145832_078,3
12/2/22,4136,2022_1202_145949_080,3
12/2/22,3755,2022_1202_150049_082,3
12/2/22,3987,2022_1202_150216_084,3
12/2/22,3056,2022_1202_150316_086,3
12/2/22,3893,2022_1202_150440_088,3
12/2/22,3556,2022_1202_150544_090,3
12/2/22,3859,2022_1202_150703_092,3
12/2/22,4046,2022_1202_150802_094,3
12/2/22,3573,2022_1202_151240_096,3
12/2/22,3096,2022_1202_151347_098,3
12/2/22,3339,2022_1202_151448_100,3
12/2/22,3898,2022_1202_151553_102,3
12/2/22,3795,2022_1202_151732_104,3
12/2/22,4274,2022_1202_151854_106,3
12/2/22,4237,2022_1202_151955_108,3
12/2/22,4175,2022_1202_152114_110,3
12/2/22,3612,2022_1202_152247_112,3
12/2/22,3827,2022_1202_152355_114,3
12/2/22,3764,2022_1202_152520_116,3
12/2/22,3382,2022_1202_152633_118,3
12/2/22,3643,2022_1202_152800_120,3
12/2/22,3646,2022_1202_152910_122,3
12/2/22,3708,2022_1202_153055_124,3
12/2/22,3709,2022_1202_153220_126,3
12/2/22,3771,2022_1202_153325_128,3
12/2/22,3697,2022_1202_153435_130,3
12/2/22,3900,2022_1202_153553_132,3
12/2/22,3434,2022_1202_153648_134,3
12/2/22,3873,2022_1202_153823_136,3
12/2/22,3475,2022_1202_153925_138,3
12/2/22,3645,2022_1202_154034_140,3
12/2/22,3186,2022_1202_154125_142,3
12/2/22,4251,2022_1202_154242_144,3
12/2/22,3241,2022_1202_154347_146,3
12/2/22,4265,2022_1202_154454_148,3
12/2/22,3650,2022_1202_154600_150,3
12/2/22,4424,2022_1202_154704_152,3
12/2/22,3998,2022_1202_154817_154,3
12/2/22,3044,2022_1202_154936_156,3
12/2/22,3045,2022_1202_155059_158,3
12/2/22,4015,2022_1202_155224_160,3
12/2/22,3581,2022_1202_155338_162,3
12/5/22,3398,2022_1205_141251_002,3
12/5/22,3412,2022_1205_141426_004,3
12/5/22,3529,2022_1205_141602_006,3
12/5/22,4097,2022_1205_141720_008,3
12/5/22,3117,2022_1205_141836_010,3
12/5/22,3102,2022_1205_141932_012,3
12/5/22,3826,2022_1205_142115_014,3
12/5/22,3557,2022_1205_142232_016,3
12/5/22,4345,2022_1205_142345_018,3
12/5/22,3957,2022_1205_142457_020,3
12/5/22,3845,2022_1205_142817_022,3
12/5/22,3484,2022_1205_142939_024,3
12/5/22,4403,2022_1205_143458_026,3
12/5/22,3591,2022_1205_143555_028,3
12/5/22,3359,2022_1205_143709_030,3
12/5/22,3358,2022_1205_143802_032,3
12/5/22,4075,2022_1205_143949_034,3
12/5/22,4069,2022_1205_144056_036,3
12/5/22,4083,2022_1205_144317_038,3
12/5/22,3110,2022_1205_144415_040,3
12/5/22,3482,2022_1205_144630_042,3
12/5/22,4158,2022_1205_144733_044,3
12/5/22,4152,2022_1205_144846_046,3
12/5/22,3563,2022_1205_144957_048,3
12/5/22,3605,2022_1205_145254_050,3
12/5/22,4037,2022_1205_145402_052,3
12/5/22,3552,2022_1205_145530_054,3
12/5/22,4070,2022_1205_145639_056,3
12/5/22,3936,2022_1205_145808_058,3
12/5/22,3964,2022_1205_145925_060,3
12/5/22,3505,2022_1205_150036_062,3
12/5/22,3496,2022_1205_150143_064,3
12/5/22,4305,2022_1205_150255_066,3
12/5/22,4310,2022_1205_150354_068,3
12/5/22,3774,2022_1205_150547_070,3
12/5/22,3965,2022_1205_150812_072,3
12/5/22,3012,2022_1205_150924_074,3
12/5/22,4165,2022_1205_151042_076,3
12/5/22,3545,2022_1205_151203_078,3
12/5/22,3184,2022_1205_151309_080,3
12/5/22,4246,2022_1205_151500_082,3
12/5/22,3711,2022_1205_151737_084,3
12/5/22,4266,2022_1205_151915_086,3
12/5/22,4398,2022_1205_152113_088,3
12/5/22,3696,2022_1205_152331_090,3
12/5/22,3963,2022_1205_152648_092,3
12/5/22,3876,2022_1205_152801_094,3
12/5/22,3586,2022_1205_152949_096,3
12/5/22,4286,2022_1205_153601_098,3
12/5/22,3997,2022_1205_153712_100,3
12/5/22,4361,2022_1205_153818_102,3
12/5/22,3847,2022_1205_153944_104,3
12/5/22,4261,2022_1205_154053_106,3
12/5/22,3954,2022_1205_154154_108,3
12/5/22,3387,2022_1205_154306_110,3
12/5/22,4307,2022_1205_154434_112,3
12/5/22,3796,2022_1205_154545_114,3
12/5/22,3683,2022_1205_154705_116,3
12/5/22,4117,2022_1205_154821_118,3
12/5/22,3843,2022_1205_154933_120,3
12/5/22,3921,2022_1205_155104_122,3
12/5/22,3972,2022_1205_155207_124,3
12/5/22,3760,2022_1205_155323_126,3
12/5/22,4026,2022_1205_155442_128,3
12/5/22,3240,2022_1205_155612_130,3
12/5/22,3067,2022_1205_155716_132,3
12/5/22,4149,2022_1205_155825_134,3
12/5/22,4030,2022_1205_155934_136,3
12/5/22,3275,2022_1205_160033_138,3
12/5/22,3801,2022_1205_160142_140,3
12/5/22,3938,2022_1205_160315_142,3
12/5/22,3896,2022_1205_160412_144,3
12/5/22,3782,2022_1205_160515_146,3
12/5/22,3628,2022_1205_160626_148,3
12/5/22,4371,2022_1205_160740_150,3
12/5/22,3744,2022_1205_160847_152,3
12/5/22,4235,2022_1205_161023_154,3
12/5/22,4054,2022_1205_161121_156,3
12/5/22,3567,2022_1205_161242_158,3
12/5/22,3917,2022_1205_161339_160,3
12/5/22,3349,2022_1205_161457_162,3
12/5/22,3891,2022_1205_161555_164,3
12/5/22,3974,2022_1205_161659_166,3
12/5/22,3001,2022_1205_161805_168,3
12/8/22,4212,2022_1208_141804_002,3
12/8/22,4145,2022_1208_141941_006,3
12/8/22,3189,2022_1208_142105_008,3
12/8/22,3565,2022_1208_142206_010,3
12/8/22,3749,2022_1208_142317_012,3
12/8/22,3756,2022_1208_142422_014,3
12/8/22,3901,2022_1208_142527_016,3
12/8/22,4277,2022_1208_142621_018,3
12/8/22,4326,2022_1208_142722_020,3
12/8/22,4032,2022_1208_142830_022,3
12/8/22,4391,2022_1208_142952_024,3
12/8/22,4341,2022_1208_143055_026,3
12/8/22,3369,2022_1208_143156_028,3
12/8/22,3740,2022_1208_143257_030,3
12/8/22,3858,2022_1208_143409_032,3
12/8/22,3832,2022_1208_143507_034,3
12/8/22,3043,2022_1208_143606_036,3
12/8/22,3688,2022_1208_143720_038,3
12/8/22,3737,2022_1208_143818_040,3
12/8/22,4122,2022_1208_143923_042,3
12/8/22,4241,2022_1208_144028_044,3
12/8/22,4362,2022_1208_144120_046,3
12/8/22,3617,2022_1208_144226_048,3
12/8/22,3592,2022_1208_144409_050,3
12/8/22,4327,2022_1208_144532_052,3
12/8/22,3255,2022_1208_144617_054,3
12/8/22,3953,2022_1208_144730_056,3
12/8/22,4369,2022_1208_144837_058,3
12/8/22,3279,2022_1208_144946_060,3
12/8/22,3281,2022_1208_145044_062,3
12/8/22,4020,2022_1208_145236_064,3
12/8/22,3158,2022_1208_145345_066,3
12/8/22,4240,2022_1208_145449_068,3
12/8/22,3722,2022_1208_145535_070,3
12/8/22,3582,2022_1208_145644_072,3
12/8/22,4416,2022_1208_145750_074,3
12/8/22,4167,2022_1208_145856_076,3
12/8/22,4196,2022_1208_145944_078,3
12/8/22,3766,2022_1208_150038_080,3
12/8/22,3731,2022_1208_150139_082,3
12/8/22,3735,2022_1208_150259_084,3
12/8/22,3748,2022_1208_150419_086,3
12/8/22,4271,2022_1208_150518_088,3
12/8/22,3757,2022_1208_150614_090,3
12/8/22,4091,2022_1208_150754_092,3
12/8/22,3488,2022_1208_150906_094,3
12/8/22,3425,2022_1208_151018_096,3
12/8/22,3852,2022_1208_151125_098,3
12/8/22,4010,2022_1208_151224_100,3
12/8/22,3622,2022_1208_151321_102,3
12/8/22,3525,2022_1208_151429_104,3
12/8/22,3048,2022_1208_151529_106,3
12/8/22,3541,2022_1208_151628_108,3
12/8/22,3879,2022_1208_151818_110,3
12/8/22,3781,2022_1208_151937_112,3
12/8/22,4325,2022_1208_152034_114,3
12/8/22,3361,2022_1208_152125_116,3
12/8/22,4436,2022_1208_152230_118,3
12/8/22,3323,2022_1208_152329_120,3
12/8/22,4373,2022_1208_152428_122,3
12/8/22,4249,2022_1208_152618_124,3
12/8/22,3497,2022_1208_152714_126,3
12/8/22,3474,2022_1208_152809_128,3
12/8/22,3433,2022_1208_152906_130,3
12/8/22,4256,2022_1208_153031_132,3
12/8/22,3991,2022_1208_153151_134,3
12/8/22,3502,2022_1208_153246_136,3
12/8/22,3780,2022_1208_153344_138,3
12/8/22,4086,2022_1208_153441_140,3
12/8/22,4209,2022_1208_153538_142,3
12/8/22,3385,2022_1208_153653_144,3
12/8/22,3793,2022_1208_153809_146,3
12/8/22,4353,2022_1208_153910_148,3
12/8/22,4387,2022_1208_154001_150,3
12/8/22,3803,2022_1208_154102_152,3
12/8/22,4242,2022_1208_154208_154,3
12/8/22,4062,2022_1208_154349_156,3
12/8/22,3148,2022_1208_154446_158,3
12/8/22,3751,2022_1208_154607_160,3
12/8/22,3258,2022_1208_154657_162,3
1/24/23,3619,2023_0124_120017_002,4
1/24/23,3621,2023_0124_120221_004,4
1/24/23,4063,2023_0124_120356_006,4
1/24/23,4379,2023_0124_120456_008,4
1/24/23,3327,2023_0124_120600_010,4
1/24/23,4311,2023_0124_120710_012,4
1/24/23,4367,2023_0124_120842_014,4
1/24/23,3614,2023_0124_120956_016,4
1/24/23,4410,2023_0124_121101_018,4
1/24/23,3261,2023_0124_121217_020,4
1/24/23,3856,2023_0124_121332_022,4
1/24/23,4013,2023_0124_121554_024,4
1/24/23,3640,2023_0124_121707_026,4
1/24/23,3599,2023_0124_121814_028,4
1/24/23,3849,2023_0124_121944_030,4
1/24/23,3817,2023_0124_122101_032,4
1/24/23,4378,2023_0124_122404_034,4
1/24/23,4089,2023_0124_122508_036,4
1/24/23,3825,2023_0124_122624_038,4
1/24/23,3338,2023_0124_122731_040,4
1/24/23,3752,2023_0124_122852_042,4
1/24/23,3739,2023_0124_122946_044,4
1/24/23,3151,2023_0124_123118_046,4
1/24/23,3191,2023_0124_123219_048,4
1/24/23,3785,2023_0124_123346_050,4
1/24/23,3777,2023_0124_123502_052,4
1/24/23,3260,2023_0124_123605_054,4
1/24/23,4400,2023_0124_123702_056,4
1/24/23,3799,2023_0124_123800_058,4
1/24/23,3679,2023_0124_123912_060,4
1/24/23,3600,2023_0124_124041_062,4
1/24/23,3046,2023_0124_124153_064,4
1/24/23,4061,2023_0124_124307_066,4
1/24/23,3483,2023_0124_124415_068,4
1/24/23,3118,2023_0124_124556_070,4
1/24/23,3136,2023_0124_124714_072,4
1/24/23,3000,2023_0124_124821_074,4
1/24/23,4014,2023_0124_124941_076,4
1/24/23,4029,2023_0124_125053_078,4
1/24/23,4056,2023_0124_125233_080,4
1/24/23,4159,2023_0124_125352_082,4
1/24/23,3114,2023_0124_125504_084,4
1/24/23,3837,2023_0124_125628_086,4
1/24/23,3587,2023_0124_125734_088,4
1/24/23,3383,2023_0124_125904_090,4
1/24/23,4407,2023_0124_130028_092,4
1/24/23,3335,2023_0124_130206_094,4
1/24/23,3905,2023_0124_130306_096,4
1/24/23,3135,2023_0124_130441_098,4
1/24/23,3132,2023_0124_130532_100,4
1/24/23,4280,2023_0124_130659_102,4
1/24/23,4079,2023_0124_130801_104,4
1/24/23,3272,2023_0124_130909_106,4
1/24/23,4293,2023_0124_131010_108,4
1/24/23,4195,2023_0124_131122_110,4
1/24/23,3008,2023_0124_131234_112,4
1/24/23,3532,2023_0124_131334_114,4
1/24/23,4228,2023_0124_131433_116,4
1/24/23,4255,2023_0124_131528_118,4
1/24/23,3584,2023_0124_131631_120,4
1/30/23,3250,2023_0130_115032_002,4
1/30/23,3438,2023_0130_115130_004,4
1/30/23,3254,2023_0130_115239_006,4
1/30/23,4253,2023_0130_115346_008,4
1/30/23,4399,2023_0130_115454_010,4
1/30/23,4227,2023_0130_115558_012,4
1/30/23,4133,2023_0130_115704_014,4
1/30/23,3850,2023_0130_115803_016,4
1/30/23,3626,2023_0130_115908_018,4
1/30/23,3629,2023_0130_120009_020,4
1/30/23,3623,2023_0130_120157_022,4
1/30/23,3746,2023_0130_120251_024,4
1/30/23,3549,2023_0130_120413_026,4
1/30/23,4221,2023_0130_120508_028,4
1/30/23,4316,2023_0130_120604_030,4
1/30/23,3885,2023_0130_120704_032,4
1/30/23,3542,2023_0130_120819_034,4
1/30/23,3844,2023_0130_120913_036,4
1/30/23,3839,2023_0130_121022_038,4
1/30/23,3838,2023_0130_121118_040,4
1/30/23,3775,2023_0130_121250_042,4
1/30/23,4333,2023_0130_121347_044,4
1/30/23,4218,2023_0130_121458_046,4
1/30/23,3723,2023_0130_121543_048,4
1/30/23,3095,2023_0130_121719_050,4
1/30/23,4135,2023_0130_121833_052,4
1/30/23,3489,2023_0130_121959_054,4
1/30/23,3511,2023_0130_122412_056,4
1/30/23,3999,2023_0130_122518_058,4
1/30/23,3860,2023_0130_122624_060,4
1/30/23,4435,2023_0130_122804_062,4
1/30/23,3364,2023_0130_122906_064,4
1/30/23,3077,2023_0130_123013_066,4
1/30/23,3611,2023_0130_123110_068,4
1/30/23,3553,2023_0130_123221_070,4
1/30/23,4312,2023_0130_123323_072,4
1/30/23,3995,2023_0130_123442_074,4
1/30/23,4007,2023_0130_123813_076,4
1/30/23,3243,2023_0130_123926_078,4
1/30/23,3242,2023_0130_124032_080,4
1/30/23,4187,2023_0130_124146_082,4
1/30/23,4213,2023_0130_124254_084,4
1/30/23,3392,2023_0130_124513_086,4
1/30/23,3400,2023_0130_124621_088,4
1/30/23,3325,2023_0130_124736_090,4
1/30/23,3333,2023_0130_124830_092,4
1/30/23,4183,2023_0130_125011_094,4
1/30/23,3959,2023_0130_125106_096,4
1/30/23,4368,2023_0130_125207_098,4
1/30/23,4384,2023_0130_125319_100,4
1/30/23,4260,2023_0130_130649_002,4
1/30/23,3494,2023_0130_130756_004,4
1/30/23,3958,2023_0130_131015_006,4
1/30/23,3915,2023_0130_131113_008,4
1/30/23,4388,2023_0130_131253_010,4
1/30/23,4392,2023_0130_131418_012,4
1/30/23,3853,2023_0130_131530_014,4
1/30/23,4055,2023_0130_131646_016,4
1/30/23,3576,2023_0130_131755_018,4
1/30/23,4329,2023_0130_131903_020,4
1/30/23,3042,2023_0130_132122_022,4
1/30/23,4017,2023_0130_132244_024,4
1/30/23,3348,2023_0130_132348_026,4
1/30/23,3359,2023_0130_132447_028,4
1/30/23,3531,2023_0130_132615_030,4
1/30/23,4146,2023_0130_132707_032,4
1/30/23,3813,2023_0130_132814_034,4
1/30/23,3356,2023_0130_132932_036,4
1/30/23,3495,2023_0130_133051_038,4
1/30/23,4319,2023_0130_133152_040,4
1/30/23,3593,2023_0130_133352_042,4
1/30/23,3006,2023_0130_133501_044,4
1/30/23,4008,2023_0130_133625_046,4
1/30/23,3992,2023_0130_133901_048,4
1/30/23,3684,2023_0130_134023_050,4
1/30/23,4088,2023_0130_134123_052,4
1/30/23,3574,2023_0130_134222_054,4
1/30/23,3183,2023_0130_134308_056,4
1/30/23,4322,2023_0130_134414_058,4
1/30/23,4408,2023_0130_134525_060,4
1/30/23,3109,2023_0130_134649_062,4
1/30/23,4096,2023_0130_134750_064,4
1/30/23,3181,2023_0130_134857_066,4
1/30/23,3550,2023_0130_135019_068,4
1/30/23,3386,2023_0130_135118_070,4
1/30/23,3268,2023_0130_135208_072,4
1/30/23,3107,2023_0130_135315_074,4
1/30/23,4041,2023_0130_135430_076,4
1/30/23,3273,2023_0130_135529_078,4
1/30/23,3776,2023_0130_135635_080,4
1/30/23,3016,2023_0130_135812_082,4
1/30/23,3130,2023_0130_135927_084,4
1/30/23,3606,2023_0130_140053_086,4
1/30/23,3609,2023_0130_140240_088,4
1/30/23,3569,2023_0130_140404_090,4
1/30/23,3932,2023_0130_140507_092,4
1/30/23,4291,2023_0130_140612_094,4
1/30/23,4290,2023_0130_140705_096,4
1/30/23,3970,2023_0130_140813_098,4
1/30/23,3913,2023_0130_140915_100,4
1/30/23,4317,2023_0130_141224_102,4
1/30/23,3638,2023_0130_141330_104,4
1/30/23,3390,2023_0130_141458_106,4
1/30/23,4281,2023_0130_141555_108,4
1/30/23,3112,2023_0130_141702_110,4
1/30/23,3993,2023_0130_141804_112,4
1/30/23,3381,2023_0130_141917_114,4
1/30/23,3883,2023_0130_142024_116,4
1/30/23,4422,2023_0130_142140_118,4
1/30/23,3172,2023_0130_142250_120,4
1/31/23,3933,2023_0131_121843_002,4
1/31/23,3245,2023_0131_122005_004,4
1/31/23,4243,2023_0131_122119_006,4
1/31/23,3836,2023_0131_122225_008,4
1/31/23,4021,2023_0131_122346_010,4
1/31/23,3590,2023_0131_122452_012,4
1/31/23,4000,2023_0131_122604_014,4
1/31/23,3559,2023_0131_122659_016,4
1/31/23,3773,2023_0131_122822_018,4
1/31/23,3473,2023_0131_122928_020,4
1/31/23,4426,2023_0131_123109_022,4
1/31/23,3665,2023_0131_123221_024,4
1/31/23,3653,2023_0131_123408_026,4
1/31/23,4098,2023_0131_123506_028,4
1/31/23,3695,2023_0131_123647_030,4
1/31/23,3714,2023_0131_123813_032,4
1/31/23,3967,2023_0131_123952_034,4
1/31/23,3693,2023_0131_124110_036,4
1/31/23,3899,2023_0131_124222_038,4
1/31/23,3736,2023_0131_124334_040,4
1/31/23,3551,2023_0131_124548_042,4
1/31/23,3052,2023_0131_124721_044,4
1/31/23,3728,2023_0131_124831_046,4
1/31/23,4279,2023_0131_124935_048,4
1/31/23,4285,2023_0131_125057_050,4
1/31/23,3284,2023_0131_125219_052,4
1/31/23,3772,2023_0131_125341_054,4
1/31/23,3982,2023_0131_125512_056,4
1/31/23,3734,2023_0131_125631_058,4
1/31/23,4335,2023_0131_125739_060,4
1/31/23,4160,2023_0131_125906_062,4
1/31/23,3973,2023_0131_130022_064,4
1/31/23,3824,2023_0131_130147_066,4
1/31/23,4134,2023_0131_130319_068,4
1/31/23,3547,2023_0131_130441_070,4
1/31/23,4038,2023_0131_130556_072,4
1/31/23,4254,2023_0131_130700_074,4
1/31/23,3725,2023_0131_130801_076,4
1/31/23,4412,2023_0131_130930_078,4
1/31/23,3426,2023_0131_131035_080,4
1/31/23,4405,2023_0131_131159_082,4
1/31/23,4318,2023_0131_131255_084,4
1/31/23,3630,2023_0131_131425_086,4
1/31/23,3810,2023_0131_131520_088,4
1/31/23,4278,2023_0131_131626_090,4
1/31/23,3798,2023_0131_131725_092,4
1/31/23,3834,2023_0131_131903_094,4
1/31/23,4397,2023_0131_132018_096,4
1/31/23,4047,2023_0131_132147_098,4
1/31/23,4419,2023_0131_132240_100,4
1/31/23,4043,2023_0131_132432_102,4
1/31/23,4394,2023_0131_132536_104,4
1/31/23,4024,2023_0131_132643_106,4
1/31/23,3544,2023_0131_132748_108,4
1/31/23,3842,2023_0131_132853_110,4
1/31/23,3568,2023_0131_132959_112,4
1/31/23,4334,2023_0131_133108_114,4
1/31/23,3680,2023_0131_133211_116,4
1/31/23,4396,2023_0131_133326_118,4
1/31/23,3377,2023_0131_133430_120,4
1/31/23,3916,2023_0131_133717_122,4
1/31/23,4238,2023_0131_133824_124,4
1/31/23,3498,2023_0131_133944_126,4
1/31/23,3835,2023_0131_134053_128,4
1/31/23,3058,2023_0131_134223_130,4
1/31/23,4148,2023_0131_134340_132,4
1/31/23,4380,2023_0131_134447_134,4
1/31/23,4105,2023_0131_134553_136,4
1/31/23,3808,2023_0131_134702_138,4
1/31/23,4222,2023_0131_134815_140,4
2/6/23,3513,2023_0206_120117_002,4
2/6/23,3812,2023_0206_120355_004,4
2/6/23,3862,2023_0206_120506_006,4
2/6/23,3415,2023_0206_120548_008,4
2/6/23,3011,2023_0206_120728_010,4
2/6/23,3027,2023_0206_120851_012,4
2/6/23,3539,2023_0206_121037_014,4
2/6/23,3918,2023_0206_121133_016,4
2/6/23,3855,2023_0206_121253_018,4
2/6/23,4001,2023_0206_121355_020,4
2/6/23,3536,2023_0206_121516_022,4
2/6/23,4036,2023_0206_121644_024,4
2/6/23,4092,2023_0206_121759_026,4
2/6/23,4257,2023_0206_121901_028,4
2/6/23,3943,2023_0206_122219_030,4
2/6/23,4192,2023_0206_122341_032,4
2/6/23,4269,2023_0206_122502_034,4
2/6/23,3985,2023_0206_122631_036,4
2/6/23,4151,2023_0206_122732_038,4
2/6/23,4147,2023_0206_122859_040,4
2/6/23,3519,2023_0206_123020_042,4
2/6/23,4095,2023_0206_123147_044,4
2/6/23,4205,2023_0206_123305_046,4
2/6/23,3828,2023_0206_123402_048,4
2/6/23,4233,2023_0206_123536_050,4
2/6/23,3244,2023_0206_123646_052,4
2/6/23,3481,2023_0206_123915_054,4
2/6/23,3038,2023_0206_124004_056,4
2/6/23,3126,2023_0206_124145_058,4
2/6/23,3111,2023_0206_124255_060,4
2/6/23,4100,2023_0206_124443_062,4
2/6/23,3732,2023_0206_124548_064,4
2/6/23,3894,2023_0206_124646_066,4
2/6/23,4123,2023_0206_124729_068,4
2/6/23,4318,2023_0206_124948_070,4
2/6/23,4011,2023_0206_125133_072,4
2/6/23,3980,2023_0206_125248_074,4
2/6/23,3013,2023_0206_125344_076,4
2/6/23,3705,2023_0206_125503_078,4
2/6/23,3806,2023_0206_125604_080,4
2/6/23,3778,2023_0206_125751_082,4
2/6/23,4002,2023_0206_125918_084,4
2/6/23,3508,2023_0206_130027_086,4
2/6/23,4276,2023_0206_130149_088,4
2/6/23,3087,2023_0206_130332_090,4
2/6/23,3594,2023_0206_130445_092,4
2/6/23,3787,2023_0206_130604_094,4
2/6/23,3700,2023_0206_130720_096,4
2/6/23,3378,2023_0206_130816_098,4
2/6/23,3897,2023_0206_130911_100,4
2/6/23,3127,2023_0206_131032_102,4
2/6/23,3129,2023_0206_131203_104,4
2/6/23,4185,2023_0206_131311_106,4
2/6/23,3946,2023_0206_131404_108,4
2/6/23,4282,2023_0206_133448_002,4
2/6/23,4132,2023_0206_133626_004,4
2/6/23,3506,2023_0206_133750_006,4
2/6/23,4099,2023_0206_133906_008,4
2/6/23,4283,2023_0206_134008_010,4
2/6/23,3266,2023_0206_134100_012,4
2/6/23,4413,2023_0206_134220_014,4
2/6/23,3530,2023_0206_134344_016,4
2/6/23,4284,2023_0206_134456_018,4
2/6/23,3603,2023_0206_134602_020,4
2/6/23,3504,2023_0206_134733_022,4
2/6/23,4005,2023_0206_134850_024,4
2/6/23,3197,2023_0206_135027_026,4
2/6/23,4044,2023_0206_135145_028,4
2/6/23,3252,2023_0206_135257_030,4
2/6/23,3738,2023_0206_135407_032,4
2/6/23,3535,2023_0206_135937_034,4
2/6/23,3167,2023_0206_140052_036,4
2/6/23,3533,2023_0206_140202_038,4
2/6/23,3994,2023_0206_140310_040,4
2/6/23,3035,2023_0206_140823_042,4
2/6/23,3718,2023_0206_140925_044,4
2/6/23,4390,2023_0206_141028_046,4
2/6/23,3805,2023_0206_141128_048,4
2/6/23,4031,2023_0206_141246_050,4
2/6/23,4071,2023_0206_141353_052,4
2/6/23,3509,2023_0206_141459_054,4
2/6/23,3125,2023_0206_141605_056,4
2/6/23,3616,2023_0206_141853_058,4
2/6/23,3840,2023_0206_141945_060,4
2/6/23,3783,2023_0206_142119_062,4
2/6/23,4309,2023_0206_142239_064,4
2/6/23,3554,2023_0206_142357_066,4
2/6/23,3018,2023_0206_142450_068,4
2/6/23,4144,2023_0206_142611_070,4
2/6/23,3861,2023_0206_142712_072,4
2/6/23,3662,2023_0206_142834_074,4
2/6/23,3655,2023_0206_142949_076,4
2/6/23,3833,2023_0206_143045_078,4
2/6/23,3278,2023_0206_143151_080,4
2/6/23,4332,2023_0206_143315_082,4
2/6/23,4066,2023_0206_143429_084,4
2/6/23,3414,2023_0206_143528_086,4
2/6/23,4336,2023_0206_143635_088,4
2/7/23,3007,2023_0207_122913_002,4
2/7/23,4139,2023_0207_123050_004,4
2/7/23,3251,2023_0207_123219_006,4
2/7/23,3872,2023_0207_123329_008,4
2/7/23,3269,2023_0207_123443_010,4
2/7/23,3270,2023_0207_123554_012,4
2/7/23,3589,2023_0207_123724_014,4
2/7/23,4140,2023_0207_123838_016,4
2/7/23,4157,2023_0207_124049_018,4
2/7/23,4004,2023_0207_124235_020,4
2/7/23,3880,2023_0207_124423_022,4
2/7/23,4127,2023_0207_124636_024,4
2/7/23,4019,2023_0207_124839_026,4
2/7/23,4330,2023_0207_125057_028,4
2/7/23,3613,2023_0207_125323_030,4
2/7/23,3558,2023_0207_125435_032,4
2/7/23,3597,2023_0207_125807_034,4
2/7/23,4386,2023_0207_125948_036,4
2/7/23,4415,2023_0207_130109_038,4
2/7/23,4328,2023_0207_130213_040,4
2/7/23,3055,2023_0207_130401_042,4
2/7/23,3076,2023_0207_130511_044,4
2/7/23,3051,2023_0207_130624_046,4
2/7/23,3486,2023_0207_130735_048,4
2/7/23,3264,2023_0207_130850_050,4
2/7/23,4262,2023_0207_131025_052,4
2/7/23,3331,2023_0207_131202_054,4
2/7/23,3334,2023_0207_131324_056,4
2/7/23,3890,2023_0207_131451_058,4
2/7/23,4315,2023_0207_131555_060,4
2/7/23,3188,2023_0207_131746_062,4
2/7/23,4034,2023_0207_131909_064,4
2/7/23,3789,2023_0207_132024_066,4
2/7/23,3779,2023_0207_132200_068,4
2/7/23,4033,2023_0207_132347_070,4
2/7/23,4025,2023_0207_132525_072,4
2/7/23,4230,2023_0207_132717_074,4
2/7/23,3701,2023_0207_132857_076,4
2/7/23,4320,2023_0207_133026_078,4
2/7/23,4162,2023_0207_133136_080,4
2/7/23,3276,2023_0207_133346_082,4
2/7/23,4324,2023_0207_133452_084,4
2/7/23,3570,2023_0207_133708_086,4
2/7/23,3562,2023_0207_133835_088,4
2/7/23,4429,2023_0207_133944_090,4
2/7/23,3615,2023_0207_134104_092,4
2/7/23,4170,2023_0207_134233_094,4
2/7/23,3704,2023_0207_134338_096,4
2/7/23,3955,2023_0207_134500_098,4
2/7/23,4028,2023_0207_134556_100,4
2/7/23,3601,2023_0207_134736_102,4
2/7/23,3141,2023_0207_134931_104,4
2/7/23,3767,2023_0207_135040_106,4
2/7/23,3577,2023_0207_135153_108,4
2/7/23,3804,2023_0207_135314_110,4
2/7/23,4401,2023_0207_135418_112,4
2/7/23,3005,2023_0207_135538_114,4
2/7/23,3002,2023_0207_135647_116,4
2/7/23,3128,2023_0207_135837_118,4
2/7/23,4297,2023_0207_135937_120,4
2/13/23,3274,2023_0213_125234_002,4
2/13/23,3259,2023_0213_125353_004,4
2/13/23,3986,2023_0213_125531_006,4
2/13/23,4417,2023_0213_125627_008,4
2/13/23,3140,2023_0213_125727_010,4
2/13/23,3620,2023_0213_125840_012,4
2/13/23,3026,2023_0213_125954_014,4
2/13/23,3654,2023_0213_130104_016,4
2/13/23,4155,2023_0213_130233_018,4
2/13/23,3033,2023_0213_130330_020,4
2/13/23,3119,2023_0213_130515_022,4
2/13/23,3108,2023_0213_130619_024,4
2/13/23,3237,2023_0213_130731_026,4
2/13/23,4124,2023_0213_130841_028,4
2/13/23,4163,2023_0213_131026_030,4
2/13/23,3937,2023_0213_131143_032,4
2/13/23,3493,2023_0213_131251_034,4
2/13/23,3741,2023_0213_131349_036,4
2/13/23,3522,2023_0213_131508_038,4
2/13/23,4402,2023_0213_131604_040,4
2/13/23,4120,2023_0213_131740_042,4
2/13/23,4042,2023_0213_131844_044,4
2/13/23,4273,2023_0213_132000_046,4
2/13/23,3423,2023_0213_132048_048,4
2/13/23,3120,2023_0213_132142_050,4
2/13/23,3664,2023_0213_132232_052,4
2/13/23,4060,2023_0213_132355_054,4
2/13/23,3124,2023_0213_132504_056,4
2/13/23,4035,2023_0213_132810_058,4
2/13/23,4321,2023_0213_132902_060,4
2/13/23,3724,2023_0213_133008_062,4
2/13/23,3742,2023_0213_133109_064,4
2/13/23,4082,2023_0213_133234_066,4
2/13/23,3769,2023_0213_133350_068,4
2/13/23,3440,2023_0213_133504_070,4
2/13/23,3854,2023_0213_133615_072,4
2/13/23,3583,2023_0213_133945_074,4
2/13/23,4343,2023_0213_134045_076,4
2/13/23,4081,2023_0213_134234_078,4
2/13/23,3543,2023_0213_134345_080,4
2/13/23,3337,2023_0213_134452_082,4
2/13/23,4289,2023_0213_134545_084,4
2/13/23,3517,2023_0213_134726_086,4
2/13/23,4323,2023_0213_134832_088,4
2/13/23,3524,2023_0213_134940_090,4
2/13/23,4018,2023_0213_135046_092,4
2/13/23,3566,2023_0213_135211_094,4
2/13/23,4404,2023_0213_135312_096,4
2/13/23,3521,2023_0213_135432_098,4
2/13/23,4258,2023_0213_135542_100,4
2/13/23,3821,2023_0213_135646_102,4
2/13/23,4109,2023_0213_135803_104,4
2/13/23,4085,2023_0213_135904_106,4
2/13/23,3139,2023_0213_140005_108,4
2/13/23,3518,2023_0213_140111_110,4
2/13/23,3113,2023_0213_140215_112,4
2/13/23,4027,2023_0213_140352_114,4
2/13/23,3580,2023_0213_140512_116,4
2/13/23,4344,2023_0213_140626_118,4
2/13/23,3265,2023_0213_140715_120,4
2/13/23,4370,2023_0213_140822_122,4
2/13/23,4067,2023_0213_140930_124,4
2/13/23,3271,2023_0213_141038_126,4
2/13/23,4268,2023_0213_141143_128,4
2/13/23,4136,2023_0213_141257_130,4
2/13/23,3755,2023_0213_141403_132,4
2/13/23,3987,2023_0213_141538_134,4
2/13/23,3056,2023_0213_141641_136,4
2/13/23,3893,2023_0213_141744_138,4
2/13/23,3556,2023_0213_141844_140,4
2/13/23,3859,2023_0213_141957_142,4
2/13/23,4046,2023_0213_142105_144,4
2/13/23,3573,2023_0213_142229_146,4
2/13/23,3096,2023_0213_142338_148,4
2/13/23,3339,2023_0213_142435_150,4
2/13/23,3898,2023_0213_142535_152,4
2/13/23,3795,2023_0213_142708_154,4
2/13/23,4274,2023_0213_142820_156,4
2/13/23,4237,2023_0213_142946_158,4
2/13/23,4175,2023_0213_143100_160,4
2/13/23,3612,2023_0213_143157_162,4
2/13/23,3827,2023_0213_143254_164,4
2/13/23,3764,2023_0213_143351_166,4
2/13/23,3382,2023_0213_143500_168,4
2/13/23,3643,2023_0213_143605_170,4
2/13/23,3646,2023_0213_143709_172,4
2/13/23,3708,2023_0213_143836_174,4
2/13/23,3709,2023_0213_143947_176,4
2/13/23,3771,2023_0213_144104_178,4
2/13/23,3697,2023_0213_144205_180,4
2/13/23,3900,2023_0213_144313_182,4
2/13/23,3434,2023_0213_144412_184,4
2/13/23,3873,2023_0213_144522_186,4
2/13/23,3475,2023_0213_144620_188,4
2/13/23,3645,2023_0213_144724_190,4
2/13/23,3186,2023_0213_144821_192,4
2/13/23,4251,2023_0213_144936_194,4
2/13/23,3241,2023_0213_145040_196,4
2/13/23,4265,2023_0213_145135_198,4
2/13/23,3650,2023_0213_145248_200,4
2/13/23,4424,2023_0213_145344_202,4
2/13/23,3998,2023_0213_145443_204,4
2/13/23,3044,2023_0213_145546_206,4
2/13/23,3045,2023_0213_145644_208,4
2/13/23,4015,2023_0213_145756_210,4
2/13/23,3581,2023_0213_145905_212,4
2/14/23,3398,2023_0214_121310_002,4
2/14/23,3412,2023_0214_121425_004,4
2/14/23,3529,2023_0214_121550_006,4
2/14/23,4097,2023_0214_121704_008,4
2/14/23,3117,2023_0214_121956_010,4
2/14/23,3102,2023_0214_122057_012,4
2/14/23,3826,2023_0214_122144_014,4
2/14/23,3557,2023_0214_122235_016,4
2/14/23,4345,2023_0214_122346_018,4
2/14/23,3957,2023_0214_122449_020,4
2/14/23,3845,2023_0214_122624_022,4
2/14/23,3484,2023_0214_122722_024,4
2/14/23,4403,2023_0214_122830_026,4
2/14/23,3591,2023_0214_122926_028,4
2/14/23,3379,2023_0214_123031_030,4
2/14/23,3358,2023_0214_123127_032,4
2/14/23,4075,2023_0214_123236_034,4
2/14/23,4069,2023_0214_123326_036,4
2/14/23,4083,2023_0214_123439_038,4
2/14/23,3110,2023_0214_123525_040,4
2/14/23,3482,2023_0214_123709_042,4
2/14/23,4158,2023_0214_123945_044,4
2/14/23,4152,2023_0214_124111_046,4
2/14/23,3563,2023_0214_124158_048,4
2/14/23,3605,2023_0214_124325_050,4
2/14/23,4037,2023_0214_124430_052,4
2/14/23,3552,2023_0214_124545_054,4
2/14/23,4070,2023_0214_124650_056,4
2/14/23,3936,2023_0214_124757_058,4
2/14/23,3964,2023_0214_124931_060,4
2/14/23,3505,2023_0214_125050_062,4
2/14/23,3496,2023_0214_125157_064,4
2/14/23,4305,2023_0214_125306_066,4
2/14/23,4310,2023_0214_125413_068,4
2/14/23,3774,2023_0214_125537_070,4
2/14/23,3965,2023_0214_125657_072,4
2/14/23,3012,2023_0214_125803_074,4
2/14/23,4165,2023_0214_125928_076,4
2/14/23,3545,2023_0214_130143_078,4
2/14/23,3184,2023_0214_130243_080,4
2/14/23,4246,2023_0214_130355_082,4
2/14/23,3711,2023_0214_130539_084,4
2/14/23,2466,2023_0214_130717_086,4
2/14/23,4398,2023_0214_130833_088,4
2/14/23,3696,2023_0214_131023_090,4
2/14/23,3963,2023_0214_131226_092,4
2/14/23,3876,2023_0214_131348_094,4
2/14/23,3586,2023_0214_131539_096,4
2/14/23,3286,2023_0214_131651_098,4
2/14/23,3997,2023_0214_131806_100,4
2/14/23,4361,2023_0214_131909_102,4
2/14/23,3847,2023_0214_132008_104,4
2/14/23,4261,2023_0214_132120_106,4
2/14/23,3954,2023_0214_132223_108,4
2/14/23,3387,2023_0214_132412_110,4
2/14/23,4307,2023_0214_132511_112,4
2/14/23,3796,2023_0214_132620_114,4
2/14/23,3683,2023_0214_132719_116,4
2/14/23,4117,2023_0214_132819_118,4
2/14/23,3843,2023_0214_132920_120,4
2/14/23,3921,2023_0214_133031_122,4
2/14/23,3972,2023_0214_133130_124,4
2/14/23,3760,2023_0214_133232_126,4
2/14/23,4026,2023_0214_133352_128,4
2/14/23,3240,2023_0214_133505_130,4
2/14/23,3067,2023_0214_133611_132,4
2/14/23,4149,2023_0214_133723_134,4
2/14/23,4030,2023_0214_133836_136,4
2/14/23,3275,2023_0214_133944_138,4
2/14/23,3801,2023_0214_134044_140,4
2/14/23,3938,2023_0214_134150_142,4
2/14/23,3896,2023_0214_134243_144,4
2/14/23,3782,2023_0214_134353_146,4
2/14/23,3628,2023_0214_134455_148,4
2/14/23,4371,2023_0214_134618_150,4
2/14/23,3744,2023_0214_134711_152,4
2/14/23,4235,2023_0214_134800_154,4
2/14/23,4054,2023_0214_134900_156,4
2/14/23,3567,2023_0214_135004_158,4
2/14/23,3917,2023_0214_135058_160,4
2/14/23,3349,2023_0214_135150_162,4
2/14/23,3891,2023_0214_135244_164,4
2/14/23,3974,2023_0214_135400_166,4
2/14/23,3001,2023_0214_135452_168,4
2/21/23,4212,2023_0221_105347_002,4
2/21/23,4145,2023_0221_105516_004,4
2/21/23,3189,2023_0221_105628_006,4
2/21/23,3565,2023_0221_105733_008,4
2/21/23,3745,2023_0221_105836_010,4
2/21/23,3756,2023_0221_105931_012,4
2/21/23,3901,2023_0221_110035_014,4
2/21/23,4277,2023_0221_110145_016,4
2/21/23,4326,2023_0221_110305_018,4
2/21/23,4032,2023_0221_110421_020,4
2/21/23,4391,2023_0221_110526_022,4
2/21/23,4341,2023_0221_110634_024,4
2/21/23,3369,2023_0221_110732_026,4
2/21/23,3740,2023_0221_110827_028,4
2/21/23,3858,2023_0221_110947_030,4
2/21/23,3832,2023_0221_111103_032,4
2/21/23,3043,2023_0221_111227_034,4
2/21/23,3688,2023_0221_111417_036,4
2/21/23,3737,2023_0221_111609_038,4
2/21/23,4122,2023_0221_111714_040,4
2/21/23,4241,2023_0221_111851_042,4
2/21/23,4362,2023_0221_112011_044,4
2/21/23,3617,2023_0221_112128_046,4
2/21/23,3592,2023_0221_112242_048,4
2/21/23,4327,2023_0221_112421_050,4
2/21/23,3255,2023_0221_112509_052,4
2/21/23,3953,2023_0221_112630_054,4
2/21/23,4369,2023_0221_112746_056,4
2/21/23,3279,2023_0221_112912_058,4
2/21/23,3281,2023_0221_113004_060,4
2/21/23,4240,2023_0221_113120_062,4
2/21/23,3722,2023_0221_113219_064,4
2/21/23,3582,2023_0221_113336_066,4
2/21/23,4416,2023_0221_113503_068,4
2/21/23,4020,2023_0221_113705_070,4
2/21/23,3158,2023_0221_113807_072,4
2/21/23,4167,2023_0221_113943_074,4
2/21/23,4196,2023_0221_114055_076,4
2/21/23,3766,2023_0221_114226_078,4
2/21/23,3731,2023_0221_114335_080,4
2/21/23,3735,2023_0221_114447_082,4
2/21/23,3748,2023_0221_114546_084,4
2/21/23,4271,2023_0221_114649_086,4
2/21/23,3757,2023_0221_114749_088,4
2/21/23,4091,2023_0221_115003_090,4
2/21/23,3488,2023_0221_115148_092,4
2/21/23,3425,2023_0221_115244_094,4
2/21/23,3852,2023_0221_115344_096,4
2/21/23,4010,2023_0221_115440_098,4
2/21/23,3622,2023_0221_115637_100,4
2/21/23,3525,2023_0221_115855_102,4
2/21/23,3048,2023_0221_120022_104,4
2/21/23,3541,2023_0221_120136_106,4
2/21/23,3879,2023_0221_120319_108,4
2/21/23,3781,2023_0221_120434_110,4
2/21/23,4325,2023_0221_120531_112,4
2/21/23,3361,2023_0221_120633_114,4
2/21/23,4436,2023_0221_120735_116,4
2/21/23,3323,2023_0221_120836_118,4
2/21/23,4373,2023_0221_120932_120,4
2/21/23,4249,2023_0221_121032_122,4
2/21/23,3497,2023_0221_121133_124,4
2/21/23,3474,2023_0221_121228_126,4
2/21/23,3433,2023_0221_121316_128,4
2/21/23,4256,2023_0221_121417_130,4
2/21/23,3991,2023_0221_121523_132,4
2/21/23,3502,2023_0221_121634_134,4
2/21/23,3780,2023_0221_121722_136,4
2/21/23,4086,2023_0221_121822_138,4
2/21/23,4209,2023_0221_121916_140,4
2/21/23,3385,2023_0221_122036_142,4
2/21/23,3793,2023_0221_122139_144,4
2/21/23,4353,2023_0221_122252_146,4
2/21/23,4387,2023_0221_122347_148,4
2/21/23,3258,2023_0221_122501_150,4
2/21/23,3251,2023_0221_122600_152,4
2/21/23,3148,2023_0221_122711_154,4
2/21/23,4062,2023_0221_122821_156,4