plant_ID,compartment,mass,
4152,F,0.634,
3959,F,0.271,
3361,F,0.032,
3915,F,0.554,
3011,F,0.322,
3027,F,0.542,
4109,F,0.192,
4183,F,0.567,
4086,F,0.258,
4124,F,0.061,
4209,F,0.117,
4312,F,0.381,
4031,F,0.776,
4071,F,1.183,
3954,F,0.008,
4361,F,0.189,
3574,F,0.139,
4028,F,0.823,
3821,F,0.025,
3457,F,0.247,
3067,F,0.463,
3957,F,0.526,
3559,F,0.246,
3524,F,0.584,
3835,F,0.464,
3191,F,0.415,
3591,F,0.32,
4018,F,0.409,
4334,F,0.339,
3748,F,0.396,
4163,F,1.527,
4268,F,0.382,
3141,F,0.055,
4345,F,0.424,
3045,F,0.52,
3044,F,0.202,
3773,F,0.138,
3473,F,0.308,
3498,F,0.535,
3570,F,1.924,
4192,F,0.396,
3880,F,0.269,
4127,F,1.068,
3783,F,0.48,
4436,F,0.278,
3244,F,0.312,
4335,F,0.002,
4095,F,0.522,
3684,F,0.471,
4258,F,0.31,
4290,F,0.661,
3876,F,0.099,
3237,F,0.307,
4133,F,0.136,
3739,F,0.023,
3621,F,0.213,
4261,F,0.377,
3728,F,0.27,
4416,F,0.369,
3824,F,0.37,
3683,F,0.343,
4238,F,0.546,
4279,F,0.249,
3817,F,0.318,
3252,F,0.233,
3151,F,0.511,
4134,F,1.021,
4403,F,0.364,
3640,F,0.774,
3148,F,0.12,
3695,F,0.403,
4380,F,0.266,
3125,F,0.116,
4117,F,0.56,
3680,F,0.184,
3521,F,1.048,
3738,F,0.081,
3849,F,0.613,
4081,F,0.412,
3861,F,0.357,
3921,F,0.444,
3645,F,0.351,
3916,F,0.25,
3542,F,0.498,
4135,F,0.553,
3018,F,0,empty
4221,F,0.273,
4386,F,0.565,
3554,F,0.918,
3597,F,0.071,
3943,F,0.221,
4309,F,0.075,
3549,F,0.858,
3519,F,0.043,
4415,F,0.75,
3958,F,0.456,
3095,F,0.803,
4233,F,0.035,
3613,F,0.352,
3563,F,0.006,
3484,F,0.438,
4328,F,0.001,
3553,F,0.338,
3558,F,0.174,
3734,F,0.743,
4123,F,0.148,
3894,F,0.092,
3844,F,0.706,
3845,F,0.565,
4291,F,0.259,
3120,F,0.029,
3796,F,0.412,
3509,F,0.854,
3664,F,0.446,
4144,F,0.796,
4105,F,0.487,
4088,F,0.555,
4324,F,0.018,
3276,F,0.534,
3183,F,0.308,
3562,F,0.503,
3853,F,0.489,
3850,F,0.044,
3576,F,0.6,
3842,F,0.058,
3847,F,0.014,
3619,F,0.655,
4013,F,0.707,
3955,F,0.659,
3586,F,0.698,
3186,F,0.251,
3582,F,0.211,
3932,F,0.027,
4038,F,0.741,
3052,F,0.444,
4329,F,0.131,
4256,F,0.031,
4146,F,0.275,
3568,F,0.302,
3735,F,0.56,
3543,F,0.333,
3531,F,0.312,
4055,F,0.661,
3856,F,0.284,
3696,F,1.017,
3963,F,0.071,
3752,F,0.655,
3991,F,0.894,
3714,F,0.458,
3240,F,0.32,
3653,F,0.899,
4000,F,0.276,
3551,F,0.427,
4062,F,0.653,
3601,F,0.389,
3751,F,0.421,
3599,F,0.607,
4098,F,0.065,
3843,F,0.426,
3258,F,0,empty
3271,F,0.012,
3972,F,0.448,
3241,F,0.077,
3938,F,0.701,
3896,F,0.065,
3284,F,0.027,
3873,F,0.398,
3776,F,0.337,
4305,F,0.209,
3862,F,0.311,
3953,F,0.402,
3415,F,0,empty
3731,F,0.442,
4285,F,0.52,
3378,F,0.15,
3897,F,0.001,
3260,F,0.07,
3475,F,0.027,
4320,F,0.295,
3900,F,0.449,
4266,F,0.007,
4402,F,0.098,
4241,H,0.011,
4241,M,0.002,
3001,H,0.073,
3592,H,0.062,
3688,H,0.12,
4321,H,0.077,
4042,F,0.1,
4020,F,0.229,
4332,F,0.511,
4079,F,0.485,
4167,F,0.862,
4284,F,0.563,
4242,F,0.484,
3423,F,0.086,
4196,F,0.437,
4091,F,0.561,
3013,F,0.478,
4120,F,0.255,
3113,F,0.061,
3827,F,0.999,
4413,F,0.766,
3603,F,0.719,
3278,F,0.163,
3532,F,0.458,
3781,F,0.88,
4228,F,0.248,
4435,F,0.109,
3364,F,0.395,
3879,F,0.206,
4333,F,0.97,
3745,F,0.533,
3541,F,0.383,
3506,F,0.481,
4019,F,0.325,
3705,F,0.988,
3806,F,0.044,
4326,F,0.033,
4032,F,0.351,
3826,F,0.036,
3522,F,0.14,
3497,F,0.219,
4249,F,0.21,
4330,F,0.155,
4398,F,1.089,
4212,F,0.13,
3589,F,0.122,
3398,F,0.001,
3334,F,0.026,
3331,F,0.006,
4175,M,0.057,
4175,H,0.227,
3335,M,0.013,
3905,M,0.043,
3905,H,0.133,
3006,H,0.067,
3550,H,0.038,
3107,H,0.065,
3107,M,0.016,
3650,H,0.094,
3742,H,0.061,
3662,H,0.128,
3993,H,0.044,
3655,H,0.056,
3132,H,0.036,
4017,H,0.094,
4325,F,0.551,
4097,F,0.234,
3274,F,0.009,
3414,F,0.018,
3055,F,0.239,
3757,F,0.004,
3259,F,0.014,
3184,F,0.267,
4336,F,0.043,
3545,F,0.112,
3755,F,0.11,
4424,F,0.033,
3998,F,0.334,
3764,F,0.265,
3382,F,0.179,
4388,F,0.045,
4145,F,0.504,
3766,F,0.217,
4397,F,0.523,
4136,F,0.534,
3434,F,0.113,
3834,F,0.095,
4310,F,0.113,
4043,F,0.38,
4344,F,0.016,
3265,F,0.006,
3243,F,0,empty
3513,F,0.245,
3565,F,0.222,
3995,F,0.4,
4037,F,0.176,
3605,F,0.265,
3359,F,0.045,
3348,F,0.064,
3379,F,0.003,
3358,F,0.01,
4387,F,0.111,
4122,F,0.67,
4066,F,0.842,
3756,F,0.559,
3612,F,0.756,
3994,F,0.769,
4099,F,0.418,
4384,F,0.426,
4368,F,0.591,
3488,F,0.446,
3860,F,0.862,
3833,F,0.641,
3980,F,0.489,
3158,F,0.591,
3740,F,0.026,
3812,F,0.021,
3369,F,0.013,
3281,F,0,empty
3279,F,0.017,
3349,F,0.025,
3643,F,0.069,
3737,F,0.116,
3333,F,0.004,
3325,F,0.002,
3189,F,0.284,
3872,F,0.096,
3251,F,0.005,
4278,F,0.031,
3250,F,0.011,
3268,F,0.01,
3798,F,0.021,
3891,F,0.187,
3529,F,0.087,
3076,F,0.224,
3718,F,0.39,
3999,F,0.903,
3805,F,0.492,
3533,F,0.591,
3392,F,0.003,
3400,F,0.021,
3270,F,0.001,
3269,F,0.005,
3433,F,0.003,
3474,F,0.003,
4353,F,0.377,
4271,F,0.093,
4140,F,0.03,
3327,F,0.002,
4311,F,0.038,
4195,F,0.751,
3803,F,0.622,
3775,F,0.394,
3035,F,0.795,
4280,F,0.806,
4273,F,0.253,
3530,F,0.78,
3412,F,0.001,
4390,F,0.474,
4277,F,0.326,
3008,F,0.594,
3901,F,0.151,
3852,F,0.503,
3425,F,0.012,
3273,F,0.024,
4392,F,0.646,
4412,F,0.66,
3426,F,0.027,
4394,F,0.506,
4369,F,0.305,
4230,F,0.16,empty
4251,F,0.42,
3701,F,0.494,
4162,F,0.329,
4400,F,0.364,
3646,F,0.968,
3386,F,0,Empty
4007,F,0.316,
3242,F,0.011,
3557,F,0.421,
3438,F,0.018,
3518,F,0.628,
4341,M,0.045,
3335,H,0.059,
3932,M,0.059,
3932,H,0.148,
3126,M,0.025,
3126,H,0.03,
3339,H,0.073,
3339,M,0.028,
3536,H,0.092,
3593,H,0.089,
3033,M,0.01,
3033,H,0.042,
4100,M,0.082,
3858,M,0.039,
3858,H,0.132,
3832,M,0.022,empty
3832,H,0.109,
4035,H,0.054,
3913,M,0.005,
3913,H,0.04,
3584,F,0.172,
4015,,0.136,
3569,H,0.093,
3898,M,0.021,
3898,H,0.07,
3808,M,0.025,
3808,H,0.064,
3112,M,0.007,
3112,H,0.026,
4155,M,0.007,
4155,H,0.015,
3970,H,0.059,
3970,M,0.014,
4041,H,0.052,
4041,M,0.012,
3769,H,0.075,
3769,M,0.026,
3741,H,0.118,
3741,M,0.025,
4255,H,0.061,
4255,M,0.018,
3609,H,0.143,
3620,H,0.037,
3620,M,0.008,
4011,H,0.061,
4362,H,0.024,
4362,M,0.01,
4237,H,0.049,
4237,M,0.01,
3140,H,0.05,
3140,M,0.012,
3181,H,0.019,
3732,H,0.04,
3732,M,0.006,
3840,M,0.025,
3840,H,0.095,
4082,H,0.221,
4082,M,0.045,
3742,M,0.031,
3974,H,0.043,
3974,M,0.015,
4391,M,0.014,
4391,H,0.058,
3042,H,0.114,
3581,H,0.111,
4308,H,0.085,
4308,M,0.016,
3135,H,0.013,
3135,M,0.004,
4293,H,0.114,
4293,M,0.034,
3111,H,0.108,
3498,H,0.079,
4321,M,0.023,
4036,H,0.089,
4341,H,0.198,
3335,F,0.108,
3905,F,0.458,
3898,F,0.296,
4255,F,0.041,
3584,F,0.399,
3742,F,0,empty
3724,F,0.548,
3033,F,0.032,
4155,F,0.231,
3620,F,0.181,
3140,F,0.039,
4237,F,0.458,
4175,F,0.715,
4241,F,0.166,
3913,F,0.704,
3339,F,0.111,
4222,F,0.334,
3808,F,0.234,
4293,F,0.29,
4015,F,0.376,
3272,F,0.109,
3970,F,0.341,
4362,F,0.055,
3132,F,0.016,
3832,F,0.261,
4265,F,0.394,
3107,F,0,empty
3135,F,0.007,
4035,F,0.475,
4100,F,0.231,
3732,F,0.598,
3569,F,0.066,
3858,F,0.536,
3112,F,0.07,
3993,F,0.086,
4308,F,0.633,
3536,F,0.517,
3974,F,0.295,
3616,F,0.099,
3609,F,0.915,
3126,F,0.01,
3592,F,0.53,
3840,F,0.742,
3493,F,0.143,
3741,F,0.577,
4036,F,0.564,
3581,F,0.483,
4017,F,0.496,
3550,F,0.072,
3606,F,0.577,
3655,F,0.037,
4011,F,0.713,
4321,F,0.344,
3932,F,0.237,
3769,F,0.402,
3650,F,0.565,
3593,F,0.306,
3006,F,0.107,
3662,F,0.388,
3001,F,0.518,
3688,F,0.175,
4041,F,1.188,
3111,F,0.252,
4082,F,0.349,
3617,F,0,empty
3042,F,0.485,
3043,F,0.327,
3181,F,0.008,
4315,P,0.006,
4315,G,0.033,
3140,G,0.012,
3140,P,0,Too small
3970,G,0.083,
3970,P,0.013,
4004,G,0.081,
3650,G,0.088,
3110,G,0.107,
3650,P,0.008,
3339,P,0.005,
3697,G,0.161,
3005,G,0.039,
3616,G,0.007,
3616,P,0.004,
3272,G,0.058,
3272,P,0.009,
4265,G,0.097,
4265,P,0.018,
4246,G,0.06,
4246,P,0.012,
4401,G,0.049,
4401,P,0.013,
3782,P,0.02,
3782,G,0.101,
3789,G,0.084,
3387,G,0.018,
3387,P,0.003,
4321,G,0.069,
4321,P,0.019,
4253,P,0.012,
3832,G,0.058,
3832,P,0.009,
4240,P,0.008,
4370,F,0.514,
3038,F,0,empty
4429,F,0.046,
3337,F,0.158,
3481,F,0.161,
4149,F,0.33,
4257,F,0.193,
3108,F,0,empty
4235,F,0.202,
3556,F,0.175,
3946,F,0.442,
3129,F,0.575,
3119,F,0.132,
4067,F,0.308,
3114,F,0,empty
4159,F,0.121,
4054,F,0.633,
3722,F,0.227,
4405,P,0.017,
4405,G,0.101,
4056,H,0.119,
3665,G,0.137,
3587,H,0.054,
3544,H,0.038,
3973,G,0.159,
3784,P,0.02,
3784,G,0.121,
3377,P,0.005,
3377,G,0.017,
4160,G,0.072,
3736,P,0.018,
3736,G,0.026,
3982,P,0.008,
3982,G,0.027,
4024,G,0.037,
4061,P,0.008,
4061,G,0.035,
4021,G,0.032,
4014,G,0.092,
4243,P,0.029,
4243,G,0.067,
3933,P,0.02,
3933,G,0.059,
4896,P,0.003,
4896,G,0.028,
3825,P,0.01,
3825,G,0.044,
3772,P,0.013,
3772,G,0.058,
3725,P,0.012,
3725,G,0.062,
3967,P,0.027,
3967,G,0.088,
4379,M,0.01,
3046,H,0.093,
3600,H,0.06,
3836,M,0.026,
3836,H,0.102,
4061,M,0.006,
3483,H,0.1,
3525,H,0.097,
3606,G,0.053,
4159,G,0.037,
3838,P,0.016,
3838,G,0.06,
3048,P,0.002,
3048,G,0.002,
3793,G,0.155,
3793,P,0.04,
3780,P,0.021,
3780,G,0.071,
4316,G,0.048,
4316,P,0.012,
4260,G,0.031,
4253,G,0.056,
3383,P,0.003,
3383,G,0.033,
4260,P,0.011,
3744,G,0.043,
3535,G,0.111,
4282,P,0.023,
4185,G,0.07,
4282,G,0.09,
3114,G,0.115,
3337,P,0.024,
3580,G,0.068,
4282,M,0.018,
4282,H,0.085,
3337,G,0.079,
3708,G,0.144,
3490,M,0.011,
4373,H,0.069,
4218,G,0.086,
4218,P,0.033,
3744,P,0.016,
3385,G,0.123,
4085,G,0.095,
4027,G,0.06,
3385,P,0.043,
3885,G,0.056,
3885,P,0.017,
3992,G,0.079,
4027,H,0.169,
4027,M,0.033,
4289,H,0.071,
4187,G,0.046,
3323,P,0.013,
4404,P,0.007,
4404,G,0.038,
4408,P,0.013,
4408,G,0.054,
3566,G,0.086,
4240,G,0.047,
3026,G,0.112,
3511,G,0.149,
4371,P,0.014,
4371,G,0.011,
3139,G,0.079,
3489,G,0.081,
3323,G,0.025,
3709,H,0.1,
4289,M,0.022,
3337,M,0.045,
3490,H,0.044,
3580,H,0.07,
3893,G,0.034,
3893,P,0.015,
3583,G,0.085,
3611,G,0.07,
4132,H,0.191,
4371,H,0.058,
4371,M,0.185,
4046,H,0.055,
4067,H,0.061,
3337,H,0.081,
3356,P,0.028,
3356,G,0.078,
3795,P,0.025,
3795,G,0.08,
3744,H,0.033,
4213,P,0.015,
4213,G,0.063,
3744,M,0.014,
4227,H,0.085,
4227,M,0.037,
3723,M,0.012,
3723,H,0.029,
4235,G,0.048,
4235,P,0.02,
3859,P,0.015,
3859,G,0.054,
4227,P,0.018,
4227,G,0.058,
3167,G,0.101,
3854,G,0.012,
3854,P,0.001,
3622,G,0.122,
4067,G,0.063,
3709,G,0.097,
4010,G,0.093,
3381,G,0.036,
3381,P,0.012,
3722,G,0.072,
3722,P,0.012,
3077,G,0.048,
4317,G,0.063,
4317,P,0.016,
3946,G,0.125,
3946,P,0.036,
3440,P,0.006,
3440,G,0.033,
4132,G,0.19,
4274,G,0.063,
4274,P,0.02,
4373,M,0.018,
3883,P,0.015,
3494,G,0.081,
4343,G,0.041,
4343,P,0.031,
4170,P,0.028,
4170,G,0.132,
3525,P,0.016,
3525,G,0.09,
3385,H,0.146,
4289,G,0.087,
3623,P,0.024,
3623,G,0.113,
4370,G,0.093,
4370,P,0.023,
4054,G,0.11,
3778,P,0.02,
3813,G,0.039,
3813,P,0.016,
4010,H,0.08,
4399,G,0.013,
4399,P,0.008,
3254,P,0.024,
3704,G,0.093,
3254,G,0.062,
3108,G,0.067,
3654,G,0.079,
3723,G,0.05,
3997,F,0.851,
3482,F,0.441,
3197,F,0.108,
4286,F,0.137,
3787,F,0.012,
3700,F,0.758,
3724,P,0.022,
3724,G,0.125,
3804,G,0.063,
3804,P,0.016,
3801,G,0.083,
3801,P,0.019,
3774,P,0.011,
3774,G,0.032,
4307,P,0.014,
4307,G,0.054,
3043,G,0.068,
3493,G,0.093,
3986,G,0.081,
3711,G,0.169,
3486,G,0.086,
4025,P,0.006,
4025,G,0.053,
3057,P,0.032,
3051,G,0.044,
3779,P,0.014,
3779,G,0.06,
4241,G,0.025,
4241,P,0.01,
3808,G,0.067,
3808,P,0.013,
4265,P,0.05,
4265,G,0.012,
4362,G,0.064,
3795,G,0.08,
4362,P,0.02,
4391,G,0.096,
4391,P,0.018,
3858,G,0.067,
3111,G,0.104,
3858,P,0.009,
3126,G,0.008,
3126,P,0.005,
4155,G,0.09,
4139,G,0.058,
4157,G,0.07,
4157,P,0.018,
4139,P,0.012,
3007,G,0.056,
3007,P,0.027,
4175,G,0.083,
3606,P,0.007,
4159,P,0.015,
3654,F,0.714,
3709,F,0.678,
3525,F,0.18,
3992,F,0.543,
3838,F,0.27,
3839,F,0.521,
4218,F,0.399,
3167,F,0.28,
3130,F,0.682,
3016,F,0.186,
3771,F,0,empty
4343,F,0,empty
3535,F,0.405,
3381,F,0.107,
3511,F,0.11,
3048,F,0.006,
4308,G,0.073,
4308,P,0.013,
4213,F,0.623,
4027,F,0.142,
4187,F,0.147,
3580,F,0.105,
3985,F,0.184,
4147,F,0.762,
3255,F,0.077,
3883,F,0.442,
4240,F,0.127,
3780,F,0.017,
3489,F,0.089,
3502,F,0.149,
3323,F,0.002,
4008,F,0.406,
3917,F,0.058,
3987,F,0.023,
4158,F,0.459,
4044,F,0.794,
3124,F,0.246,
3622,F,0.235,
4373,F,0.149,
3623,F,0.442,
3583,F,0.351,
3723,F,0.155,
3026,F,0.297,
4010,F,0.247,
3139,F,0.081,
4085,F,0.219,
4327,F,0.341,
4371,F,0,empty
3440,F,0.126,
3744,F,0.151,
3854,F,0.195,
4322,F,0.219,
4092,F,0.699,
3188,F,0.078,
3615,F,0.307,
3573,F,0.012,
4148,F,0.646,
3778,F,0.217,
3611,F,0.107,
4289,F,0.251,
3383,F,0.159,
4407,F,0.307,
4408,F,0.479,
4002,F,0.642,
4030,F,0.196,
3855,F,0.02,
4001,F,0.074,
3495,F,0.706,
4319,F,0.657,
3096,F,0.211,
3127,F,0,Empty
4034,F,0.556,
3594,F,0.33,
3087,F,0.589,
4269,F,0.76,
3077,F,0.24,
4185,F,0.295,
4282,F,0.397,
3893,F,0.48,
4132,F,0.115,
3708,F,0.363,
3746,F,0.137,
3272,P,0.023,
3272,G,0.067,
4255,P,0.018,
4255,G,0.051,
3789,P,0.021,
3496,G,0.026,
3496,P,0.002,
4026,G,0.111,
4026,P,0.016,
3593,G,0.089,
4075,G,0.102,
3628,G,0.068,
3339,G,0.03,
4004,P,0.017,
3890,P,0.008,
3890,G,0.026,
3742,G,0.125,
3742,P,0.039,
3609,G,0.159,
3724,P,0.03,
3724,G,0.122,
4036,G,0.105,
4293,G,0.065,
4293,P,0.018,
3581,G,0.109,
3932,P,0.02,
3932,G,0.042,
3620,G,0.079,
3335,P,0.018,
3335,G,0.069,
3112,P,0.004,
3112,G,0.022,
3584,G,0.164,
3769,P,0.032,
3769,G,0.11,
3135,G,0.019,
3135,P,0.006,
3905,G,0.037,
3905,P,0.018,
3006,G,0.165,
3993,G,0.075,
3107,P,0.005,
3107,G,0.036,
3536,G,0.111,
3898,P,0.014,
3898,G,0.047,
3741,P,0.011,
4017,G,0.108,
3688,G,0.146,
4100,P,0.015,
4100,G,0.067,
3741,G,0.039,
3567,F,0.364,
3056,F,0.191,
3767,P,0.015,
3767,G,0.075,
3264,P,0.011,
3264,G,0.06,
3760,P,0.017,
3760,G,0.064,
4222,P,0.02,
4222,G,0.115,
3005,P,0.012,
3002,G,0.093,
3002,P,0.016,
4083,P,0.005,
4083,G,0.016,
4035,G,0.091,
3552,G,0.132,
4070,G,0.076,
3102,G,0.076,
3965,G,0.198,
3964,G,0.108,
4069,G,0.086,
4417,P,0.011,
4417,G,0.034,
3275,G,0.027,
3275,P,0.012,
4033,G,0.109,
3577,G,0.132,
4262,G,0.035,
4262,P,0.014,
3001,G,0.085,
3132,G,0.055,
4011,P,0.029,
4011,G,0.125,
3913,P,0.06,
3913,G,0.149,
3662,G,0.16,
3042,,0.107,Envelope doesn't have a letter
3616,P,0.011,
3616,G,0.029,
3550,G,0.061,
3550,P,0.053,
3181,G,0.013,
3181,P,0.003,
4041,G,0.045,
4041,P,0.01,
4237,P,0.01,
4237,G,0.036,
4222,G,0.121,
4222,P,0.02,
3617,G,0.159,
3697,F,0.575,
3033,G,0.155,
4060,F,0.444,
4151,F,0.41,
3058,F,0.284,
4368,A,0.322,
3860,B,2.645,
3008,B,5.241,
4228,B,0.838,
3423,B,0.365,
4066,A,1.033,
4167,A,0.454,
3364,B,1.775,
3803,A,0.352,
3879,A,0.212,
3980,A,0.594,
3541,A,0.286,
4246,H,0.108,
3002,M,0.015,
4026,H,0.142,
4262,H,0.073,
4262,M,0.011,
3986,H,0.104,
3986,M,0.019,
4075,H,0.112,
8804,H,0.054,(21178) written on envelope
8804,M,0.013,(21178) written on envelope
4401,H,0.103,
4401,M,0.024,
3782,H,0.126,
4246,M,0.038,
3782,M,0.028,
3002,H,0.091,
3760,M,0.043,
3760,H,0.169,
3628,H,0.063,
3496,H,0.032,
3496,M,0.005,
4069,H,0.061,
3102,H,0.054,
3774,H,0.07,
3774,M,0.016,
4139,M,0.003,
4139,H,0.03,
4157,M,0.015,
4157,H,0.044,
3110,H,0.142,
3110,M,0.032,
3000,H,0.138,
4004,M,0.006,
4004,H,0.045,
3772,H,0.074,
3772,M,0.019,
3136,H,0.13,
3377,H,0.016,
3377,M,0.007,
4029,H,0.073,
4318,M,0.018,
4318,H,0.065,
3725,M,0.028,
3725,H,0.096,
3005,H,0.092,
4021,H,0.031,
4021,M,0.017,
3767,H,0.061,
3767,M,0.013,
4083,H,0.011,
4083,M,0.051,
3736,H,0.021,
3736,M,0.018,
4405,H,0.084,
4405,M,0.019,
4254,H,0.032,
4254,M,0.025,
3051,M,0.03,
3711,H,0.151,
3486,H,0.062,
4033,H,0.113,
3264,H,0.048,
3264,M,0.009,
3245,H,0.04,
3245,M,0.009,
3965,H,0.079,
3965,M,0.014,
4014,H,0.063,
3899,H,0.069,
3899,M,0.025,
4378,H,0.109,
4378,M,0.029,
4896,H,0.082,
4896,M,0.025,
3933,H,0.051,
3933,M,0.013,
3275,H,0.032,
3275,M,0.01,
3799,H,0.117,
3799,M,0.028,
3693,H,0.146,
3967,H,0.07,
3982,H,0.044,
3982,M,0.016,
4063,H,0.013,
4063,M,0.01,
4410,H,0.053,
4410,M,0.016,
3825,M,0.013,
3825,H,0.063,
4243,M,0.013,
4243,H,0.046,
3679,H,0.089,
3779,H,0.092,
3779,M,0.021,
4070,H,0.07,
3387,H,0.133,
3387,M,0.049,
4315,M,0.019,
4315,H,0.077,
3890,H,0.063,
3890,M,0.022,
3789,H,0.037,
3789,M,0.006,
3117,H,0.081,
3936,H,0.038,
3936,M,0.011,
4307,M,0.022,
4307,H,0.065,
3785,H,0.124,
3785,M,0.02,
4410,G,0.075,
4410,P,0.017,
3614,H,0.099,
3837,H,0.047,
3837,M,0.015,
3544,G,0.104,
4367,H,0.059,
4367,M,0.013,
3777,H,0.069,
3777,M,0.015,
3973,H,0.096,
4089,H,0.108,
4089,M,0.028,
3051,H,0.07,
4061,H,0.029,
3590,H,0.098,
3590,M,0.012,
4254,G,0.032,
4254,P,0.017,
3899,G,0.03,
3899,P,0.004,
4318,G,0.1,
4318,P,0.029,
3665,H,0.097,
3590,G,0.075,
3261,H,0.074,
3261,M,0.013,
4426,H,0.05,
4426,M,0.025,
3338,H,0.098,
3338,M,0.019,
3840,P,0.017,
3840,G,0.082,
4015,G,0.12,
4082,G,0.088,
3974,G,0.013,
3974,P,0.004,
4341,P,0.031,
4341,G,0.119,
3732,G,0.042,
3732,P,0.015,
3117,G,0.105,
3936,G,0.037,
3936,P,0.006,
3592,G,0.093,
3569,G,0.078,
3655,G,0.065,
3043,G,0.066,
4227,F,0.299,
4399,F,0.061,
3385,F,0.15,
3793,F,0.259,
4274,F,0.11,
3795,F,0.288,
3918,F,0.487,
4005,F,0.271,
4205,F,0.528,
3266,F,0.176,
3012,F,0.015,
4165,F,0.081,
3629,F,0.77,
3539,F,0.485,
3828,F,0.251,
3626,F,0.503,
3630,F,0.145,
4283,F,0.61,
4276,F,0.822,
3810,F,0.032,
3508,F,0.35,
3504,F,0.335,
3883,G,0.083,
3385,M,0.046,
3167,H,0.108,
3502,H,0.035,
4289,P,0.018,
3502,G,0.047,
3778,G,0.07,
3723,P,0.013,
3746,G,0.021,
3746,P,0.011,
3839,G,0.137,
3839,P,0.039,
4322,G,0.076,
4322,P,0.012,
4327,G,0.072,
4327,P,0.018,
4008,G,0.087,
3119,G,0.053,
3119,P,0.012,
3638,G,0.09,
4185,M,0.032,
4185,H,0.144,
3854,H,0.035,
3854,M,0.013,
3780,H,0.066,
3780,M,0.03,
3556,G,0.109,
4323,G,0.17,
4323,P,0.04,
4407,G,0.084,
4407,P,0.028,
4373,G,0.061,
4373,P,0.015,
4046,G,0.068,
3255,G,0.062,
3255,P,0.011,
3885,H,0.077,
3885,M,0.025,
4002,G,0.104,
3129,A,0.676,
3917,A,0.068,
3056,A,0.352,
3567,A,0.309,
4205,A,0.366,
3828,A,0.344,
3918,A,0.252,
3539,A,0.656,
4283,A,0.4,
3266,A,0.164,
3012,A,0.335,
4165,A,0.59,
3629,A,0.786,
3626,A,0.386,
3630,A,0.592,
3801,A,0.138,
4276,A,0.548,
3508,A,0.689,
4005,A,0.494,
3504,A,0.727,
3862,A,0.227,
3415,A,0.06,
3731,A,0.33,
3766,A,0.248,
3260,A,0.155,
4400,A,0.338,
4043,A,0.226,
3434,A,0.102,
3897,A,0.166,
3378,A,0.168,
3873,A,0.482,
4145,A,0.769,
4212,A,0.267,
4392,A,0.491,
3896,A,0.1,
4310,A,0.172,
3852,A,0.346,
3425,A,0.089,
4398,A,0.662,
3241,A,0.139,
3938,A,0.371,
3382,A,0.115,
3273,A,0.075,
4162,A,0.63,
3764,A,0.206,
3426,A,0.067,
4388,A,0.09,
3755,A,0.354,
4136,A,0.635,
4424,A,0.07,
3998,A,0.436,
4335,A,0.145,
3542,A,0.514,
3613,A,0.703,
4123,A,0.646,
3549,A,0.755,
3558,A,0.898,
4221,A,0.272,
4415,A,0.459,
4328,A,0.057,
3519,A,0.443,
4095,A,0.576,
3095,A,1.09,
4135,A,0.293,
4183,A,0.61,
3361,A,0.138,
3958,A,0.261,
4436,A,0.243,
3915,A,0.393,
4086,A,0.768,
3734,A,0.484,
4209,A,0.157,
3845,A,0.428,
3894,A,0.156,
3484,A,0.347,
3844,A,0.439,
3563,A,0.169,
4386,A,0.506,
4127,A,1.521,
4071,A,0.73,
4192,A,0.293,
3880,A,0.228,
4031,A,0.346,
3943,A,0.195,
4309,A,0.145,
3783,A,0.344,
3011,A,0.561,
3027,A,0.586,
3959,A,0.293,
4233,A,0.104,
3244,A,0.201,
3554,A,0.526,
3018,A,0.315,
4312,A,0.187,
3597,A,0.654,
3553,A,0.292,
4152,A,0.888,
4422,A,0.292,
3172,A,0.358,
4281,A,0.452,
3390,A,0.316,
4096,A,0.332,
3109,A,0.246,
4008,A,0.608,
4227,A,0.353,
3385,A,0.19,
4274,A,0.187,
4260,A,0.371,
3885,A,0.288,
4316,A,0.262,
3494,A,0.315,
3795,A,0.415,
3793,A,0.222,
4341,A,0.477,
4391,A,0.315,
3813,A,0.11,
3356,A,0.078,
4404,A,0.208,
3566,A,0.836,
4317,A,0.417,
3638,A,0.622,
4253,A,0.119,
3704,A,0.661,
4170,A,0.404,
4319,A,0.352,
3058,A,0.16,
4148,A,0.465,
4286,A,0.147,
3124,A,0.681,
4044,A,1.188,
3697,A,0.89,
3016,A,0.475,
3756,A,0.289,
4099,A,0.37,
3506,A,0.682,
3879,A,0.215,
3803,A,0.357,
3364,B,1.809,
4167,A,0.457,
4066,A,1.045,
3423,B,0.367,
3482,A,0.21,
4158,A,0.293,
3987,A,0.366,
4060,A,0.764,
4276,A,0.557,
3266,A,0.162,
4283,A,0.401,
3197,A,1.255,
3997,A,0.512,
3731,A,0.332,
3508,A,0.693,
3862,A,0.229,
4005,A,0.497,
3630,A,0.597,
4165,A,0.594,
3012,A,0.336,
3539,A,0.659,
3828,A,0.348,
3567,A,0.31,
3056,A,0.354,
3917,A,0.069,
3810,A,0.138,
3626,A,0.387,
3629,A,0.792,
4205,A,0.37,
3129,A,0.681,
4147,A,0.789,
3771,A,0.164,
3918,A,0.255,
3130,A,0.917,
4280,B,1.922,
3700,A,0.867,
3787,A,0.169,
3999,B,5.134,
3008,A,0.81,
3603,A,0.681,
3805,A,0.345,
4284,A,0.477,
3781,A,0.878,
4079,A,1.027,
4196,A,0.383,
3530,A,0.512,
3055,A,0.305,
3718,A,0.452,
3533,A,0.427,
3745,A,0.333,
4195,B,3.309,
4228,B,0.874,
4325,A,0.561,
4273,B,1.003,
4079,B,5.05,
3008,B,5.29,
4435,B,0.608,
3488,A,0.287,
4091,A,0.331,
3541,A,0.286,
3980,A,0.595,
3860,B,2.676,
4368,A,0.327,
4370,A,0.526,
3594,A,0.357,
3087,A,0.326,
3985,A,0.784,
3127,A,0.428,
4407,A,0.322,
4289,A,0.219,
4185,A,0.476,
3893,A,0.291,
3946,A,0.399,
3556,A,0.61,
3337,A,0.191,
3611,A,0.407,
3778,A,0.213,
3383,A,0.133,
4002,A,0.668,
3489,A,0.782,
3511,A,0.264,
3254,A,0.061,
3859,A,0.315,
4046,A,0.413,
4323,A,0.319,
3517,A,0.48,
4399,A,0.206,
3622,A,0.794,
3139,A,0.155,
3883,A,0.302,
3323,A,0.102,
3502,A,0.628,
3780,A,0.157,
4373,A,0.268,
3114,A,0.449,
4159,A,0.346,
4240,A,0.103,
3722,A,0.141,
4067,A,0.614,
3806,A,0.467,
3705,A,0.695,
4326,A,0.11,
4032,A,0.793,
3826,A,0.132,
3557,A,0.412,
4230,A,0.332,
3701,A,0.562,
3048,A,0.45,
3838,A,0.295,
3839,A,0.491,
3525,A,0.343,
4010,A,0.33,
3026,A,0.297,
3654,A,0.962,
4085,A,0.96,
4343,A,0.043,
3992,A,0.413,
3167,A,0.68,
3535,A,0.254,
3583,A,0.379,
4327,A,0.281,
4218,A,0.34,
3723,A,0.16,
3255,A,0.124,
4371,A,0.088,
3854,A,0.365,
3440,A,0.132,
3744,A,0.192,
3119,A,0.351,
3580,A,0.249,
4027,A,0.426,
4213,A,0.45,
4187,A,0.344,
4269,A,0.45,
3495,A,0.475,
4151,A,0.396,
3573,A,0.672,
3096,A,0.216,
4235,A,0.154,
3108,A,0.34,
3709,A,0.687,
3708,A,0.795,
4282,A,0.287,
4054,A,0.596,
4132,A,0.502,
3623,A,0.405,
3746,A,0.201,
4149,A,0.892,
4030,A,0.477,
3855,A,0.502,
4001,A,1.06,
3381,A,0.132,
4092,A,0.984,
4034,A,1.037,
4257,A,0.158,
3481,A,0.176,
3038,A,0.529,
4408,A,0.277,
3188,A,0.476,
4429,A,0.188,
3643,A,0.218,
3369,A,0.148,
3279,A,0.147,
3281,A,0.068,
3189,A,0.369,
3565,A,0.617,
3513,A,0.36,
3812,A,0.188,
3268,A,0.025,
3386,A,0.044,
3250,A,0.071,
3438,A,0.039,
3242,A,0.097,
3243,A,0.041,
3265,A,0.081,
4344,A,0.088,
3891,A,0.111,
3349,A,0.064,
3798,A,0.378,
4278,A,0.192,
3251,A,0.052,
3872,A,0.33,
3325,A,0.06,
3333,A,0.056,
3737,A,0.094,
4122,A,0.694,
3782,A,0.329,
4083,A,0.518,
3774,A,0.119,
3965,A,0.618,
3110,A,0.43,
3615,A,0.577,
3077,A,0.299,
4322,A,0.177,
3589,A,0.707,
4140,A,0.764,
3529,A,0.637,
4097,A,0.35,
3259,A,0.15,
3274,A,0.045,
4271,A,0.192,
3076,A,0.378,
3757,A,0.166,
4353,A,0.243,
4387,A,0.19,
3055,A,1.019,
3327,A,0.015,
4311,A,0.24,
3474,A,0.072,
3433,A,0.079,
3270,A,0.161,
3269,A,0.085,
3392,A,0.052,
3400,A,0.086,
3184,A,0.35,
3545,A,1.317,
3412,A,0.101,
3398,A,0.063,
3358,A,0.086,
3379,A,0.102,
3348,A,0.048,
3359,A,0.099,
3605,A,0.499,
4037,A,0.315,
3995,A,0.461,
4007,A,0.667,
3646,A,0.635,
4117,A,0.431,
4256,A,0.102,
3141,A,0.862,
3457,A,0.125,
4098,A,0.379,
3991,A,0.931,
3843,A,0.363,
4062,A,1.29,
3258,A,0.088,
3695,A,0.633,
3125,A,0.266,
3714,A,0.633,
3509,A,0.602,
3640,A,0.939,
3067,A,0.899,
3599,A,0.634,
4038,A,0.64,
4144,A,0.808,
3751,A,0.169,
3601,A,0.552,
3148,A,0.808,
4105,A,0.6,
3240,A,0.365,
4380,A,0.275,
3748,A,0.317,
4134,A,1.448,
3824,A,0.249,
3972,A,0.508,
3680,A,0.591,
4334,A,0.318,
3861,A,0.349,
3044,A,0.224,
3653,A,0.637,
3957,A,0.32,
4345,A,0.302,
3052,A,0.283,
3551,A,0.545,
3683,A,0.793,
3796,A,0.238,
3473,A,0.157,
3045,A,0.461,
3773,A,0.154,
3932,A,0.126,
3331,A,0.067,
3334,A,0.085,
4336,A,0.118,
3414,A,0.114,
4163,A,1.341,
3591,A,0.391,
4403,A,0.286,
3151,A,0.679,
3252,A,0.178,
3738,A,0.179,
3191,A,0.397,
3849,A,0.418,
3817,A,0.197,
3120,A,0.546,
3664,A,0.62,
3498,A,0.444,
3835,A,0.353,
4416,A,0.261,
4238,A,0.425,
3916,A,0.246,
4000,A,0.45,
4018,A,0.272,
3921,A,0.176,
3735,A,0.284,
3582,A,0.769,
3932,B,0.427,
3524,A,0.449,
3559,A,0.433,
3186,A,0.503,
4268,A,0.396,
3645,A,0.538,
3271,A,0.065,
3543,A,0.326,
4081,A,0.547,
3728,A,0.681,
4279,A,0.236,
4242,A,0.437,
3013,A,0.54,
3278,A,0.126,
3833,A,0.447,
4277,A,0.258,
4020,A,0.29,
3158,A,0.939,
4390,A,0.252,
4332,A,0.398,
4413,A,0.474,
3901,A,0.164,
3994,A,1.21,
4195,A,0.814,
4280,A,0.583,
4384,A,0.299,
3518,A,0.726,
3113,A,0.276,
3423,A,0.102,
4273,A,0.154,
3775,A,0.337,
4394,A,0.362,
4369,A,0.322,
3953,A,0.403,
3834,A,0.278,
4285,A,0.44,
4397,A,0.388,
3776,A,0.236,
3284,A,0.11,
4305,A,0.168,
4266,A,0.241,
4251,A,0.263,
4412,A,0.309,
3900,A,0.289,
4320,A,0.266,
3475,A,0.075,
4402,A,0.124,
3522,A,1.532,
3497,A,0.457,
4249,A,0.087,
4330,A,0.206,
4019,A,0.583,
4361,A,0.186,
3847,A,0.121,
4013,A,0.491,
3954,A,0.072,
4261,A,0.208,
3696,A,1.412,
3619,A,0.516,
3856,A,0.309,
3963,A,0.224,
3621,A,0.182,
3568,A,1.018,
3739,A,0.101,
4329,A,0.13,
3842,A,0.352,
3531,A,0.388,
4055,A,0.571,
3752,A,0.367,
3576,A,0.643,
4133,A,0.621,
3850,A,0.115,
4146,A,0.973,
3853,A,0.37,
3496,A,0.409,
4315,A,0.318,
3505,A,0.52,
3628,A,0.273,
4307,A,0.278,
4157,A,0.518,
3577,A,0.488,
3767,A,0.225,
3760,A,0.179,
4004,A,0.828,
4026,A,0.46,
3387,A,0.099,
4246,A,0.19,
3711,A,1.372,
3264,A,0.169,
4047,A,0.798,
3102,A,0.554,
3117,A,0.629,
4109,A,0.573,
4124,A,0.658,
3684,A,0.952,
3586,A,1.449,
3876,A,0.173,
3821,A,0.127,
3570,A,1.684,
3237,A,0.477,
3276,A,0.378,
4088,A,0.264,
3562,A,0.694,
4258,A,0.308,
3521,A,0.945,
3955,A,0.377,
3574,A,0.386,
4324,A,0.085,
3183,A,0.556,
4028,A,0.63,
4290,A,0.379,
4291,A,0.258,
4419,A,0.209,
4033,A,0.572,
4025,A,0.597,
4417,A,0.282,
3986,A,0.758,
3890,A,0.322,
4262,A,0.381,
4228,A,0.172,
3532,A,0.373,
4435,A,0.176,
3364,A,0.457,
3860,A,0.448,
3999,A,0.56,
4042,A,0.673,
4120,A,0.68,
3827,A,0.744,
3612,A,0.835,
4333,A,0.653,
3616,A,0.56,
3840,A,0.597,
3493,A,0.418,
3741,A,0.324,
3536,A,0.75,
3581,A,0.533,
4036,A,0.525,
4015,A,0.67,
3181,A,0.802,
3606,A,1.198,
3550,A,0.607,
3609,A,1.524,
3126,A,0.183,
4041,A,0.751,
3111,A,0.661,
4293,A,0.312,
3107,A,0.534,
3272,A,0.137,
4265,A,0.372,
4308,A,0.423,
3650,A,0.354,
3982,A,0.694,
3544,A,0.473,
4160,A,0.312,
4014,A,0.392,
4254,A,0.279,
3836,A,0.579,
4024,A,0.236,
3772,A,0.287,
3725,A,0.391,
4056,A,0.497,
4029,A,0.188,
3000,A,0.977,
3825,A,0.206,
4243,A,0.181,
3377,A,0.147,
3261,A,0.191,
4396,A,0.429,
3679,A,0.279,
4061,A,0.342,
3799,A,0.36,
3837,A,0.274,
3587,A,0.733,
4021,A,0.546,
4318,A,0.395,
3590,A,0.43,
3614,A,0.414,
4405,A,0.371,
4379,A,0.246,
4063,A,0.582,
4367,A,0.177,
3688,A,0.229,
3043,A,0.252,
3785,A,0.408,
4410,A,0.505,
3777,A,0.292,
3338,A,0.256,
3973,A,0.657,
3483,A,0.235,
3693,A,0.506,
3600,A,0.585,
3046,A,0.963,
3899,A,0.231,
3736,A,0.405,
3967,A,0.523,
3933,A,0.268,
4378,A,0.167,
4089,A,0.355,
3245,A,0.107,
3118,A,0.363,
3136,A,0.487,
4426,A,0.317,
3665,A,0.781,
3789,A,0.308,
3552,A,0.922,
3964,A,0.322,
3936,A,0.205,
3051,A,0.638,
3779,A,0.37,
3486,A,0.598,
3804,A,0.289,
4075,A,0.338,
4069,A,0.199,
4139,A,0.522,
4070,A,0.257,
4401,A,0.41,
3007,A,0.445,
3801,A,0.247,
3275,A,0.19,
3002,A,0.48,
3005,A,0.361,
4035,A,0.533,
3593,A,0.551,
3993,A,0.367,
3724,A,0.3,
4222,A,0.205,
3898,A,0.22,
3742,A,0.039,
4255,A,0.096,
3584,A,0.823,
3339,A,0.089,
4241,A,0.152,
3913,A,0.552,
4100,A,0.469,
3006,A,0.437,
3042,A,0.331,
4017,A,0.647,
3569,A,0.715,
3112,A,0.45,
3905,A,0.418,
4082,A,0.288,
3335,A,0.129,
3769,A,0.486,
3970,A,0.459,
4321,A,0.237,
4362,A,0.133,
3732,A,0.531,
3808,A,0.243,
3033,A,0.479,
3932,A,0.325,
4011,A,0.682,
3132,A,0.599,
3135,A,0.359,
3858,A,0.354,
3832,A,0.287,
3140,A,0.274,
4175,A,0.607,
3620,A,0.461,
4237,A,0.361,
3974,A,0.623,
3662,A,1.461,
3001,A,0.556,
3655,A,0.439,
4155,A,0.495,
3592,A,1.114,
3617,A,0.494,
3124,B,4.494,
4044,B,3.943,
3038,B,2.938,
3615,B,3.287,
4429,B,0.798,
3987,B,2.479,
4286,B,0.511,
3787,B,0.612,
3700,B,4.754,
3917,B,0.408,
3482,B,2.677,
3697,B,5.649,
3771,B,0.474,
3130,B,5.276,
3016,B,2.908,
4185,B,2.824,
4149,B,3.089,
4257,B,0.44,
3946,B,2.046,
4092,B,3.941,
3746,B,0.756,
3077,B,2.764,
3197,B,4.323,
4158,B,0.672,
3997,B,2.433,
4282,B,1.87,
3623,B,3.401,
3056,B,3.27,
3383,B,0.933,
4060,B,4.545,
4054,B,4.316,
3778,B,1.291,
3337,B,1.65,
4148,B,4.388,
3058,B,0.407,
3567,B,2.349,
3481,B,1.339,
4001,B,3.578,
4132,B,4.753,
4322,B,1.086,
3611,B,3.194,
4034,B,3.833,
4407,B,1.944,
3511,B,3.449,
3489,B,2.944,
4408,B,1.554,
4289,B,1.646,
4002,B,4.754,
3483,B,1.694,
3736,B,1.414,
4405,B,2.05,
3982,B,6.096,
3544,B,3.191,
3046,B,5.689,
3600,B,4.568,
4396,B,2.327,
3000,B,3.973,
3899,B,1.298,
4029,B,1.798,
4254,B,1.569,
4061,B,2.098,
3799,B,2.228,
3377,B,0.649,
3837,B,1.051,
4410,B,2.382,
4014,B,4.048,
4056,B,3.042,
3785,B,2.257,
4160,B,2.819,
3261,B,0.8,
3777,B,1.738,
3590,B,3.015,
3693,B,5.809,
4426,B,1.575,
4367,B,0.877,
4318,B,1.529,
3245,B,0.508,
3772,B,0.904,
3665,B,4.685,
4378,B,1.414,
3933,B,1.762,
4089,B,3.209,
3967,B,4.62,
3136,B,2.238,
3118,B,1.608,
3725,B,1.751,
3825,B,0.856,
4379,B,1.144,
4024,B,1.062,
3679,B,2.796,
4243,B,0.699,
3587,B,3.983,
3338,B,1.637,
3973,B,3.985,
3836,B,2.829,
4021,B,3.722,
3614,B,4.097,
4063,B,1.495,
4323,B,1.451,
4046,B,2.382,
3254,B,0.884,
4253,B,0.722,
3704,B,4.001,
4170,B,1.975,
3517,B,3.289,
3859,B,1.725,
4391,B,1.339,
3356,B,0.979,
4227,B,1.963,
3813,B,1.488,
3638,B,3.036,
4404,B,1.209,
3566,B,5.083,
4317,B,1.759,
3793,B,2.134,
3385,B,1.766,
4260,B,1.732,
3885,B,1.686,
4274,B,1.074,
3795,B,2.161,
4399,B,0.885,
4341,B,1.964,
4316,B,1.695,
3494,B,2.17,
4165,B,3.941,
3508,B,3.715,
3626,B,2.853,
3539,B,2.735,
3629,B,4.352,
4005,B,3.296,
3828,B,1.394,
3918,B,1.257,
3630,B,3.47,
3266,B,0.762,
4205,B,1.738,
3504,B,3.149,
4283,B,2.006,
4276,B,2.579,
3012,B,1.746,
3810,B,0.455,
3628,B,2.798,
4290,B,1.989,
3876,B,0.358,
4291,B,1.135,
4088,B,3.816,
3684,B,4.447,
4028,B,3.912,
4109,B,3.429,
3110,B,3.28,
4083,B,3.828,
3570,B,6.42,
3505,B,3.849,
3237,B,3.641,
3102,B,4.016,
3117,B,8.184,
3782,B,1.45,
3955,B,1.75,
3183,B,3.717,
3276,B,1.737,
3574,B,2.325,
3387,B,0.655,
4258,B,0.698,
3774,B,0.77,
3965,B,5.365,
4033,B,3.166,
4315,B,1.523,
4307,B,1.6648,
3752,B,2.14,
3767,B,2.43,
4025,B,4.599,
3521,B,5.549,
3856,B,0.591,
4013,B,2.543,
4261,B,1.249,
3568,B,3.715,
3847,B,0.298,
4146,B,6.246,
4124,B,3.149,
3577,B,3.557,
4133,B,3.171,
3586,B,6.45,
4047,B,4.215,
4419,B,0.469,
4324,B,0.264,
3853,B,2.015,
3576,B,3.377,
3890,B,1.754,
3821,B,0.409,
4246,B,1.145,
4417,B,1.1,
3760,B,1.634,
3696,B,5.313,
4055,B,2.673,
3531,B,1.947,
3264,B,1.135,
3562,B,4.627,
3621,B,1.9,
3954,B,0.438,
3850,B,0.62,
3619,B,5.382,
4329,B,0.394,
3496,B,3.63,
3711,B,7.901,
4262,B,2.089,
4026,B,4.317,
3842,B,1.212,
4157,B,3.238,
4004,B,4.33,
3986,B,3.748,
3963,B,1.948,
3739,B,0.227,
4361,B,0.734,
3095,B,4.44,
4233,B,0.461,
4436,B,1.064,
4095,B,2.726,
4415,B,1.736,
3613,B,3.966,
3135,B,3.079,
3597,B,1.834,
3519,B,1.201,
3563,B,1.122,
4328,B,0.283,
4123,B,1.97,
3959,B,0.865,
4309,B,0.363,
3958,B,1.826,
4221,B,0.935,
3844,B,2.035,
4127,B,4.398,
3549,B,3.217,
3027,B,1.236,
3011,B,3.323,
4209,B,0.441,
3915,B,1.914,
4071,B,5.037,
3542,B,3.544,
3845,B,1.706,
4152,B,3.525,
3558,B,2.844,
3894,B,0.529,
3734,B,2.25,
3361,B,0.339,
4335,B,0.61,
4183,B,1.857,
3484,B,3.107,
4312,B,1.067,
3943,B,0.864,
4031,B,0.893,
3018,B,1.678,
3553,B,1.531,
4086,B,4.016,
3554,B,5.08,
3783,B,1.664,
3880,B,0.743,
4192,B,2.116,
3244,B,1.325,
4386,B,1.596,
3556,B,4.262,
4235,B,1.056,
3119,B,4.235,
3839,B,2.692,
3893,B,1.536,
3709,B,5.774,
3502,B,3.268,
3096,B,2.429,
3883,B,1.788,
4030,B,2.481,
3708,B,2.151,
3583,B,2.877,
4370,B,1.746,
3722,B,1.374,
4213,B,1.979,
3188,B,2.668,
3855,B,1.141,
4085,B,4.928,
3495,B,3.845,
3127,B,1.252,
3087,B,2.919,
3323,B,0.671,
3255,B,0.638,
3573,B,3.773,
4269,B,2.012,
4240,B,0.993,
4067,B,4.194,
3723,B,2.328,
4147,B,3.499,
4218,B,1.023,
3381,B,0.916,
4027,B,2.59,
3985,B,3.85,
4151,B,2.754,
4373,B,1.52,
3114,B,3.489,
4371,B,0.956,
4159,B,2.555,
3780,B,1.048,
3594,B,1.988,
4319,B,1.733,
3580,B,2.559,
3744,B,1.002,
4010,B,3.628,
3854,B,1.361,
3525,B,1.858,
3440,B,0.857,
3535,B,3.446,
4327,B,2.059,
3048,B,1.839,
3139,B,2.402,
4343,B,0.318,
3167,B,5.094,
3129,B,4.034,
4187,B,3.123,
3108,B,2.081,
3622,B,6.475,
4008,B,2.113,
3838,B,1.375,
3992,B,3.247,
3654,B,3.387,
3026,B,3.331,
4140,B,2.991,
4336,B,0.434,
3386,B,0.23,
4271,B,0.324,
3274,B,0.386,
3334,B,0.32,
3268,B,0.392,
3589,B,5.424,
4353,B,1.099,
4097,B,2.038,
3259,B,0.506,
3529,B,3.562,
3327,B,0.125,
3331,B,0.317,
3414,B,0.223,
3474,B,0.14,
3433,B,0.389,
3757,B,0.296,
4381,B,0.443,
3055,B,4.242,
3392,B,0.224,
3076,B,2.662,
3400,B,0.444,
3348,B,0.337,
3269,B,0.394,
3189,B,1.984,
3270,B,0.476,
4311,B,0.508,
3891,B,0.422,
3359,B,0.426,
3349,B,0.471,
3513,B,1.454,
3412,B,0.446,
3605,B,2.014,
3184,B,2.494,
3379,B,0.392,
3398,B,0.43,
3358,B,0.319,
3242,B,0.441,
4278,B,0.458,
3279,B,0.37,
3740,B,0.715,
3995,B,3.765,
4007,B,3.564,
4037,B,2.416,
3545,B,4.222,
3565,B,2.496,
3281,B,0.496,
3737,B,0.539,
3325,B,0.306,
3251,B,0.389,
3243,B,0.218,
3438,B,0.104,
3369,B,0.279,
3812,B,0.5,
3250,B,0.326,
3646,B,3.217,
3872,B,0.712,
3643,B,0.907,
4344,B,0.289,
3333,B,0.337,
3798,B,1.095,
4122,B,3.569,
3265,B,0.206,
3789,B,1.016,
3486,B,2.975,
3779,B,1.903,
3390,B,1.401,
3172,B,3.012,
4422,B,1.434,
3109,B,3.106,
3801,B,1.317,
4281,B,1.754,
3275,B,0.855,
4096,B,2.553,
4075,B,3.002,
4069,B,2.284,
3804,B,1.02,
3051,B,3.516,
3552,B,4.49,
4070,B,2.253,
3964,B,2.293,
3936,B,1.046,
4139,B,1.814,
3002,B,4.138,
3007,B,2.406,
4401,B,1.436,
3005,B,3.295,
3045,B,5.131,
3148,B,2.804,
3120,B,3.011,
4000,B,2.984,
3957,B,1.516,
4163,B,7.753,
3151,B,3.78,
4134,B,5.179,
4256,B,0.387,
4279,B,0.767,
3748,B,1.86,
3835,B,1.742,
3738,B,0.524,
4345,B,1.372,
3653,B,4.066,
3735,B,2.293,
3473,B,0.906,
4403,B,0.993,
3559,B,2.411,
3680,B,3.052,
3258,B,0.27,
3921,B,1.3,
3582,B,4.779,
3186,B,3.233,
3773,B,0.949,
3044,B,1.28,
3052,B,2.483,
4117,B,3.615,
3524,B,2.189,
4268,B,2.046,
3849,B,2.222,
4416,B,1.114,
3252,B,1.113,
3796,B,1.252,
3591,B,2.818,
3191,B,4.683,
4018,B,2.218,
3271,B,0.463,
3916,B,1.003,
3824,B,0.96,
3498,B,3.749,
3728,B,1.761,
4144,B,3.6,
3843,B,1.398,
4334,B,1.008,
3645,B,2.752,
4380,B,1.167,
4105,B,2.608,
4098,B,2.648,
3640,B,3.424,
3972,B,4.24,
3067,B,3.667,
3695,B,3.995,
3601,B,2.835,
3714,B,2.75,
3543,B,1.993,
3240,B,2.575,
3509,B,2.915,
3817,B,0.908,
3125,B,1.676,
3751,B,1.698,
3861,B,1.016,
3551,B,3.401,
3664,B,4.002,
4238,B,1.796,
3683,B,4.201,
3599,B,3.401,
3547,B,0.984,
4081,B,3.29,
3141,B,3.912,
3991,B,4.785,
4038,B,3.976,
4062,B,2.638,
3616,B,1.978,
4041,B,5.457,
3536,B,3.56,
3840,B,2.52,
4293,B,2.202,
3593,B,4.006,
4036,B,3.251,
3493,B,1.991,
3033,B,3.97,
3592,B,4.913,
3808,B,1.455,
4362,B,0.718,
3970,B,2.736,
4100,B,4.295,
3550,B,1.937,
3006,B,3.682,
3272,B,1.106,
3974,B,3.258,
3606,B,4.053,
3181,B,6.36,
4015,B,4.74,
3581,B,4.155,
3112,B,3.054,
4035,B,2.462,
3609,B,5.404,
3655,B,3.265,
3662,B,5.158,
3993,B,1.688,
3688,B,2.086,
3617,B,4.525,
3107,B,3.263,
3043,B,2.265,
3126,B,0.987,
3111,B,3.912,
3620,B,3.5,
4175,B,5.015,
4237,B,1.52,
3001,B,4.145,
4265,B,1.471,
3650,B,3.027,
3135,B,2.462,
4011,B,4.741,
4308,B,2.321,
3140,B,2.66,
3769,B,2.644,
3569,B,2.321,
3832,B,1.757,
4321,B,1.064,
3132,B,2.182,
3858,B,2.228,
3335,B,1.125,
3584,B,4.887,
4017,B,2.894,
3042,B,3.617,
4155,B,3.175,
3741,B,2.833,
3339,B,0.956,
3724,B,1.916,
3732,B,3.228,
3905,B,2.41,
4082,B,3.134,
3932,B,1.872,
4222,B,1.751,
3913,B,2.441,
4241,B,0.809,
3898,B,1.847,
4255,B,0.56,
3742,B,0.823,
3833,B,1.907,
4167,B,3.745,
3775,B,1.035,
3745,B,1.708,
3533,B,2.531,
3035,B,3.303,
4284,B,1.957,
3541,B,2.495,
4277,B,0.975,
4020,B,1.966,
3980,B,5.84,
3606,B,4.68,
3805,B,1.913,
4196,B,2.533,
3530,B,3.22,
4091,B,3.077,
3901,B,0.657,
3612,B,3.705,
4042,B,2.98,
4242,B,2.176,
3013,B,2.449,
4333,B,2.595,
3113,B,1.927,
3879,B,0.836,
4332,B,1.523,
4066,B,3.808,
3781,B,3.438,
4368,B,2.188,
3158,B,4.347,
4413,B,1.84,
3278,B,0.671,
3756,B,1.411,
3803,B,2.115,
4099,B,3.588,
3994,B,3.813,
3518,B,2.74,
3718,B,5.424,
4325,B,2.015,
4120,B,4.686,
4384,B,1.166,
3506,B,3.607,
3488,B,2.305,
4390,B,1.442,
3532,B,2.8,
3827,B,3.376,
3779,F,0.551,
3051,F,0,
3552,F,0.782,
4069,F,0.157,
3789,F,0.299,
4139,F,0.178,
3275,F,0.205,
3007,F,0.408,
4091,A,0.331,
3488,A,0.287,
3506,A,0.674,
4099,A,0.367,
3756,A,0.286,
3745,A,0.328,
3533,A,0.425,
3718,A,0.449,
3035,A,0.303,
3530,A,0.51,
4196,A,0.382,
4079,A,1.022,
4325,A,0.555,
3781,A,0.869,
4284,A,0.472,
3805,A,0.3424,
3603,A,0.676,
3008,A,0.806,
4435,B,0.6,
4079,B,5.007,
4273,B,0.991,
4195,B,3.298,
3999,B,5.105,
3787,A,0.171,
4280,B,1.914,
3700,A,0.859,
3130,A,0.909,
3016,A,0.472,
3771,A,0.163,
3697,A,0.884,
4060,A,0.759,
3987,A,0.365,
4158,A,0.291,
4044,A,1.178,
3124,A,0.676,
3997,A,0.509,
3482,A,0.21,
3197,A,1.246,
4286,A,0.145,
4148,A,0.461,
3058,A,0.159,
4319,A,0.347,
4147,A,0.788,
4096,F,0.39,
4070,F,0.068,
3936,F,0.287,
3964,F,0.142,
3005,F,0.12,
3002,F,0.144,
3801,F,0.3,
3109,F,0.101,
3486,F,0.17,
4401,F,0.493,
3804,F,0.245,
4075,F,0.245,
3172,F,0.657,
3390,F,0.59,
4422,F,0.529,
4281,F,0.681,
4426,P,0.049,
4056,G,0.131,
3600,G,0.076,
3600,P,0.077,
3837,G,0.051,
3837,P,0.019,
3261,G,0.102,
3261,P,0.039,
3338,G,0.054,
3338,P,0.013,
3587,G,0.079,
3587,P,0.01,
4378,G,0.089,
4378,P,0.033,
4367,G,0.04,
4367,P,0.007,
3046,G,0.109,
3136,G,0.058,
3136,P,0.024,
3614,G,0.125,
3836,G,0.051,
3836,P,0.013,
3483,P,0.085,
4063,G,0.05,
4063,P,0.067,
3000,G,0.15,
3679,G,0.18,
3245,G,0.044,
3245,P,0.001,
4029,G,0.08,
3777,P,0.028,? PSMA St QUCH
3777,G,0.12,? PSMA St QUCH
4379,P,0.025,
4379,G,0.131,
3693,G,0.163,
3799,P,0.023,
3799,G,0.099,
4089,G,0.046,
4426,G,0.109,
4326,B,0.362,
3705,B,0,
3900,B,1.47,
3998,B,1.486,
4388,B,0.35,
3834,B,0.51,
3241,B,0.464,
4330,B,0.684,
4402,B,0.431,
3557,B,2.047,
3806,B,0.947,
4424,B,0.241,
3938,B,1.416,
3378,B,0.852,
4145,B,2.836,
3826,B,0.47,
4251,B,1.731,
3434,B,0.552,
4249,B,0.336,
3426,B,0.453,
3897,B,0.666,
4397,B,1.36,
3522,B,4.422,
4019,B,3.607,
3382,B,0.535,
3284,B,0.249,
3873,B,1.067,
4230,B,0.548,
4305,B,0.969,
4394,B,1.382,
3425,B,0.319,
3764,B,1.054,
4398,B,3.011,
4320,B,1.119,
3953,B,1.229,
3755,B,0.562,
4032,B,3.452,
4285,B,1.893,
3497,B,2.573,
3852,B,1.651,
4369,B,0.774,
3776,B,1.18,
4136,B,2.125,
4212,B,0.738,
4412,B,2.06,
4392,B,1.717,
3475,B,0.317,
3896,B,0.316,
4310,B,0.619,
3766,B,0.749,
4266,B,0.747,
3701,B,2.139,
3731,B,1.686,
3260,B,0.512,
3862,B,0.792,
4162,B,2.158,
3415,B,0.181,
4400,B,1.32,
4043,B,1.352,
3273,B,0.328,